iso3c,polity_name,country,year_start,year_end,polity_code,rows
AFG,Afghanistan,Afghanistan,1954,1954,AFG-1919-2025,7
AFG,Afghanistan,Afghanistan,1956,1960,AFG-1919-2025,38
AGO,Angola,Angola,1908,1916,ANG-1905-1975,9
AGO,Angola,Angola,1918,1950,ANG-1905-1975,133
AGO,Angola,Angola,1952,1960,ANG-1905-1975,58
ALB,Albania,Albania,1929,1941,ALB-1913-2025,263
ALB,Albania,Albania,1944,1960,ALB-1913-2025,141
ARG,Argentina,Argentina,1870,1870,ARG-1800-1899,1
ARG,Argentina,Argentina,1872,1872,ARG-1800-1899,7
ARG,Argentina,Argentina,1875,1876,ARG-1800-1899,8
ARG,Argentina,Argentina,1879,1898,ARG-1800-1899,79
ARG,Argentina,Argentina,1899,1901,ARG-1899-1902,46
ARG,Argentina,Argentina,1902,1960,ARG-1902-2025,3215
AUS,Australia,Australia,1850,1900,AUS-1800-1901,725
AUS,Australia,Australia,1901,1960,AUS-1901-2025,1333
AUT,Austria,Austria,1851,1851,AUT-1800-1918,7
AUT,Austria,Austria,1854,1917,AUT-1800-1918,1037
AUT,Austria,Austria,1918,1918,AUT-1918-1919,31
AUT,Austria,Austria,1919,1960,AUT-1919-2025,1450
BEL,Belgium,Belgium,1850,1960,BEL-1831-2025,1732
BEN,Benin,Benin,1921,1922,BEN-1898-1960,8
BEN,Benin,Benin,1925,1937,BEN-1898-1960,50
BEN,Benin,Benin,1939,1947,BEN-1898-1960,27
BEN,Benin,Benin,1950,1959,BEN-1898-1960,37
BEN,Benin,Benin,1960,1960,BEN-1960-2025,6
BFA,Burkina Faso,Burkina Faso,1948,1954,BFA-1947-1960,25
BFA,Burkina Faso,Burkina Faso,1957,1959,BFA-1947-1960,17
BFA,Burkina Faso,Burkina Faso,1960,1960,BFA-1960-2025,10
BGD,Bangladesh,Bangladesh,1953,1960,BGD-1947-1971,8
BGR,Bulgaria,Bulgaria,1890,1890,BGR-1878-1913,4
BGR,Bulgaria,Bulgaria,1895,1912,BGR-1878-1913,396
BGR,Bulgaria,Bulgaria,1913,1917,BGR-1913-1918,174
BGR,Bulgaria,Bulgaria,1918,1918,BGR-1918-1919,35
BGR,Bulgaria,Bulgaria,1919,1939,BGR-1919-1940,842
BGR,Bulgaria,Bulgaria,1940,1960,BGR-1940-2025,789
BOL,Bolivia,Bolivia,1910,1910,BOL-1909-1938,7
BOL,Bolivia,Bolivia,1923,1937,BOL-1909-1938,176
BOL,Bolivia,Bolivia,1938,1960,BOL-1938-2025,236
BRA,Brazil,Brazil,1879,1902,BRA-1800-1903,32
BRA,Brazil,Brazil,1903,1908,BRA-1903-1909,24
BRA,Brazil,Brazil,1909,1960,BRA-1909-2025,2534
BRB,Barbados,Barbados,1850,1960,BRB-1800-2025,165
BWA,Botswana,Botswana,1903,1903,BEC-1885-1966,1
BWA,Botswana,Botswana,1911,1911,BEC-1885-1966,2
BWA,Botswana,Botswana,1921,1960,BEC-1885-1966,125
CAF,Central African Republic,Central African Republic,1958,1959,CAF-1919-1960,2
CAF,Central African Republic,Central African Republic,1960,1960,CAF-1960-2025,1
CAN,Canada,Canada,1850,1865,CAN-1800-1866,44
CAN,Canada,Canada,1866,1869,CAN-1866-1870,4
CAN,Canada,Canada,1870,1885,CAN-1870-1886,55
CAN,Canada,Canada,1886,1948,CAN-1886-1949,1827
CAN,Canada,Canada,1949,1960,CAN-1949-2025,609
CHE,Switzerland,Switzerland,1850,1960,CHE-1800-2025,2370
CHL,Chile,Chile,1860,1883,CHL-1810-1884,120
CHL,Chile,Chile,1884,1898,CHL-1884-1899,75
CHL,Chile,Chile,1899,1901,CHL-1899-1902,19
CHL,Chile,Chile,1902,1960,CHL-1902-2025,1682
CHN,"China, mainland","China, mainland",1865,1865,CHN-1800-1895,1
CHN,"China, mainland","China, mainland",1887,1891,CHN-1800-1895,5
CHN,"China, mainland","China, mainland",1914,1917,CHN-1914-1921,25
CHN,"China, mainland","China, mainland",1919,1920,CHN-1914-1921,2
CHN,"China, mainland","China, mainland",1921,1931,CHN-1921-1932,25
CHN,"China, mainland","China, mainland",1932,1944,CHN-1932-1945,178
CHN,"China, mainland","China, mainland",1945,1946,CHN-1945-1947,46
CHN,"China, mainland","China, mainland",1947,1948,CHN-1947-1949,45
CHN,"China, mainland","China, mainland",1949,1949,CHN-1949-1950,31
CHN,"China, mainland","China, mainland",1950,1960,CHN-1950-2025,312
CIV,Ivory Coast,Ivory Coast,1914,1931,CIV-1902-1932,69
CIV,Ivory Coast,Ivory Coast,1932,1946,CIV-1932-1947,101
CIV,Ivory Coast,Ivory Coast,1947,1959,CIV-1947-1960,166
CIV,Ivory Coast,Ivory Coast,1960,1960,CIV-1960-2025,15
CMR,Cameroon,Cameroon,1900,1911,GKM-1884-1912,12
CMR,Cameroon,Cameroon,1912,1915,GKM-1912-1916,4
CMR,Cameroon,Cameroon,1916,1919,BCM-1916-1961,4
CMR,Cameroon,Cameroon,1920,1959,FCM-1920-1960,317
CMR,Cameroon,Cameroon,1960,1960,CMR-1960-1961,14
COD,DR Congo,DR Congo,1898,1909,COD-1894-1910,12
COD,DR Congo,DR Congo,1910,1959,COD-1910-1960,453
COD,DR Congo,DR Congo,1960,1960,COD-1960-2025,10
COG,Congo,Congo,1960,1960,COG-1960-2025,1
COL,Colombia,Colombia,1901,1902,COL-1830-1903,2
COL,Colombia,Colombia,1903,1921,COL-1903-1922,47
COL,Colombia,Colombia,1922,1960,COL-1922-2025,851
CRI,Costa Rica,Costa Rica,1883,1960,CRI-1800-2025,583
CSK,Czechoslovakia,Czechoslovakia,1914,1917,AUH-1908-1918,27
CUB,Cuba,Cuba,1850,1960,CUB-1800-2025,851
CYP,Cyprus,Cyprus,1896,1900,CYP-1879-2025,5
CYP,Cyprus,Cyprus,1909,1960,CYP-1879-2025,275
DEU,Germany,Germany,1850,1865,DEU-1800-1866,132
DEU,Germany,Germany,1866,1870,DEU-1866-1871,42
DEU,Germany,Germany,1871,1918,DEU-1871-1919,785
DEU,Germany,Germany,1919,1919,DEU-1919-1920,26
DEU,Germany,Germany,1920,1937,DEU-1920-1938,581
DEU,Germany,Germany,1938,1944,DEU-1938-1945,245
DEU,Germany,Germany,1945,1948,DEU-1945-1949,118
DEU,Germany,Germany,1949,1960,DEU-1949-1990,534
DNK,Denmark,Denmark,1861,1861,DNK-1800-1864,10
DNK,Denmark,Denmark,1866,1866,DNK-1864-1920,10
DNK,Denmark,Denmark,1871,1871,DNK-1864-1920,15
DNK,Denmark,Denmark,1875,1919,DNK-1864-1920,619
DNK,Denmark,Denmark,1920,1960,DNK-1920-2025,926
DOM,Dominican Republic,Dominican Republic,1901,1960,DOM-1800-2025,737
DZA,Algeria,Algeria,1860,1860,DZA-1831-1886,2
DZA,Algeria,Algeria,1864,1885,DZA-1831-1886,238
DZA,Algeria,Algeria,1886,1901,DZA-1886-1902,245
DZA,Algeria,Algeria,1902,1918,DZA-1902-1919,306
DZA,Algeria,Algeria,1919,1960,DZA-1919-1962,851
ECU,Ecuador,Ecuador,1880,1941,ECU-1800-1942,238
ECU,Ecuador,Ecuador,1942,1960,ECU-1942-2025,542
EGY,Egypt,Egypt,1866,1884,EGY-1820-1885,19
EGY,Egypt,Egypt,1885,1898,EGY-1885-1899,58
EGY,Egypt,Egypt,1899,1924,EGY-1899-1925,379
EGY,Egypt,Egypt,1925,1960,EGY-1925-1967,764
ESP,Spain,Spain,1859,1960,ESP-1800-2025,9308
EST,Estonia,Estonia,1908,1908,EST-1800-1918,3
EST,Estonia,Estonia,1913,1913,EST-1800-1918,4
EST,Estonia,Estonia,1916,1916,EST-1800-1918,3
EST,Estonia,Estonia,1919,1939,EST-1918-1940,427
EST,Estonia,Estonia,1940,1940,EST-1940-1991,6
EST,Estonia,Estonia,1952,1958,EST-1940-1991,7
ETH,Ethiopia,Ethiopia,1909,1917,ETH-1907-1936,9
ETH,Ethiopia,Ethiopia,1919,1935,ETH-1907-1936,17
ETH,Ethiopia,Ethiopia,1936,1940,ETH-1936-1941,10
ETH,Ethiopia,Ethiopia,1942,1944,ETH-1941-1952,3
ETH,Ethiopia,Ethiopia,1947,1951,ETH-1941-1952,32
ETH,Ethiopia,Ethiopia,1952,1960,ETH-1952-1993,73
FIN,Finland,Finland,1878,1916,FIN-1809-1917,365
FIN,Finland,Finland,1917,1939,FIN-1917-1940,481
FIN,Finland,Finland,1940,1960,FIN-1940-2025,485
FJI,Fiji,Fiji,1879,1960,FJI-1800-2025,258
FRA,France,France,1850,1870,FRA-1800-1871,314
FRA,France,France,1871,1918,FRA-1871-1919,1949
FRA,France,France,1919,1960,FRA-1919-2025,2593
GAB,Gabon,Gabon,1960,1960,GAB-1960-2025,1
GBR,United Kingdom,United Kingdom,1850,1920,GBR-1800-1921,787
GBR,United Kingdom,United Kingdom,1921,1960,GBR-1921-2025,1274
GHA,Ghana,Ghana,1896,1897,GHA-1888-1898,2
GHA,Ghana,Ghana,1898,1956,GHA-1898-1957,180
GHA,Ghana,Ghana,1957,1960,GHA-1957-2025,30
GIN,Guinea,Guinea,1920,1937,GIN-1894-1958,76
GIN,Guinea,Guinea,1939,1957,GIN-1894-1958,75
GIN,Guinea,Guinea,1958,1960,GIN-1958-2025,15
GLP,Latin America Other,Guadeloupe,1850,1864,GLP-1816-2025,30
GLP,Latin America Other,Guadeloupe,1866,1867,GLP-1816-2025,4
GLP,Latin America Other,Guadeloupe,1870,1887,GLP-1816-2025,21
GLP,Latin America Other,Guadeloupe,1889,1960,GLP-1816-2025,132
GMB,Gambia,Gambia,1922,1960,GMB-1800-2025,39
GNB,Guinea-Bissau,Guinea-Bissau,1924,1945,GNB-1886-1974,22
GNB,Guinea-Bissau,Guinea-Bissau,1948,1952,GNB-1886-1974,5
GNB,Guinea-Bissau,Guinea-Bissau,1959,1960,GNB-1886-1974,2
GNQ,Equatorial Guinea,Equatorial Guinea,1900,1960,GNQ-1886-1968,61
GRC,Greece,Greece,1860,1860,GRC-1830-1881,5
GRC,Greece,Greece,1899,1899,GRC-1881-1913,5
GRC,Greece,Greece,1911,1911,GRC-1881-1913,30
GRC,Greece,Greece,1913,1918,GRC-1913-1919,146
GRC,Greece,Greece,1919,1946,GRC-1919-1947,737
GRC,Greece,Greece,1947,1960,GRC-1947-2025,647
GTM,Guatemala,Guatemala,1884,1885,GTM-1821-2025,2
GTM,Guatemala,Guatemala,1888,1888,GTM-1821-2025,1
GTM,Guatemala,Guatemala,1891,1960,GTM-1821-2025,1070
GUY,Guyana,Guyana,1850,1960,GUY-1800-2025,394
HKG,"China, Hong Kong SAR","China, Hong Kong SAR",1948,1948,HKG-1842-2025,1
HKG,"China, Hong Kong SAR","China, Hong Kong SAR",1950,1960,HKG-1842-2025,11
HND,Honduras,Honduras,1910,1910,HND-1800-2025,5
HND,Honduras,Honduras,1914,1914,HND-1800-2025,5
HND,Honduras,Honduras,1918,1918,HND-1800-2025,1
HND,Honduras,Honduras,1925,1960,HND-1800-2025,617
HTI,Haiti,Haiti,1911,1960,HTI-1800-2025,361
HUN,Hungary,Hungary,1851,1851,HUN-1800-1918,6
HUN,Hungary,Hungary,1853,1854,HUN-1800-1918,7
HUN,Hungary,Hungary,1857,1857,HUN-1800-1918,10
HUN,Hungary,Hungary,1859,1917,HUN-1800-1918,1007
HUN,Hungary,Hungary,1918,1919,HUN-1918-1920,55
HUN,Hungary,Hungary,1920,1937,HUN-1920-1938,651
HUN,Hungary,Hungary,1938,1939,HUN-1938-1940,76
HUN,Hungary,Hungary,1940,1943,HUN-1940-1944,160
HUN,Hungary,Hungary,1944,1946,HUN-1944-1947,114
HUN,Hungary,Hungary,1947,1960,HUN-1947-2025,510
IDN,Indonesia,Indonesia,1850,1944,IDN-1800-1945,825
IDN,Indonesia,Indonesia,1945,1948,IDN-1945-1949,62
IDN,Indonesia,Indonesia,1949,1960,IDN-1949-1963,275
IND,India,India,1865,1865,IND-1800-1886,1
IND,India,India,1885,1885,IND-1800-1886,1
IND,India,India,1886,1892,IND-1886-1893,37
IND,India,India,1893,1913,IND-1893-1914,379
IND,India,India,1914,1936,IND-1914-1937,599
IND,India,India,1937,1946,IND-1937-1947,220
IND,India,India,1947,1948,IND-1947-1949,66
IND,India,India,1949,1960,IND-1949-2025,361
IRL,Ireland,Ireland,1850,1920,IRL-1800-1921,1021
IRL,Ireland,Ireland,1921,1960,IRL-1921-2025,1046
IRN,Iran,Iran,1905,1960,IRN-1828-2025,314
IRQ,Iraq,Iraq,1923,1931,IRQ-1921-1932,22
IRQ,Iraq,Iraq,1932,1960,IRQ-1932-2025,124
ISL,Iceland,Iceland,1850,1859,ISL-1800-2025,37
ISL,Iceland,Iceland,1861,1869,ISL-1800-2025,34
ISL,Iceland,Iceland,1871,1886,ISL-1800-2025,68
ISL,Iceland,Iceland,1888,1960,ISL-1800-2025,644
ISR,Israel,Israel,1935,1947,PAL-1920-1948,33
ISR,Israel,Israel,1948,1960,ISR-1948-1967,104
ITA,Italy,Italy,1861,1865,ITA-1861-1866,90
ITA,Italy,Italy,1866,1869,ITA-1866-1870,72
ITA,Italy,Italy,1870,1918,ITA-1870-1919,1337
ITA,Italy,Italy,1919,1960,ITA-1919-2025,3291
JAM,Jamaica,Jamaica,1850,1960,JAM-1800-2025,576
JOR,Jordan,Jordan,1927,1939,JOR-1923-1946,13
JOR,Jordan,Jordan,1942,1943,JOR-1923-1946,2
JOR,Jordan,Jordan,1946,1960,JOR-1946-2025,30
JPN,Japan,Japan,1850,1857,JPN-1800-1895,8
JPN,Japan,Japan,1859,1867,JPN-1800-1895,9
JPN,Japan,Japan,1869,1894,JPN-1800-1895,222
JPN,Japan,Japan,1895,1944,JPN-1895-1945,1133
JPN,Japan,Japan,1945,1951,JPN-1945-1952,166
JPN,Japan,Japan,1952,1960,JPN-1952-2025,224
KEN,Kenya,Kenya,1902,1905,KEN-1902-1907,4
KEN,Kenya,Kenya,1908,1923,KEN-1907-1924,45
KEN,Kenya,Kenya,1924,1925,KEN-1924-1926,10
KEN,Kenya,Kenya,1926,1960,KEN-1926-1963,235
KHM,Cambodia,Cambodia,1948,1952,KHM-1907-1953,29
KHM,Cambodia,Cambodia,1953,1960,KHM-1953-2025,56
KOR,Republic of Korea,South Korea,1932,1944,KOR-1800-1945,13
KOR,Republic of Korea,South Korea,1945,1947,KOR-1945-1948,17
KOR,Republic of Korea,South Korea,1948,1960,KOR-1948-2025,153
LAO,Lao,Lao,1948,1953,LAO-1893-1954,19
LAO,Lao,Lao,1954,1960,LAO-1954-2025,23
LBN,Lebanon,Lebanon,1940,1943,LBN-1920-1944,8
LBN,Lebanon,Lebanon,1944,1960,LBN-1944-2025,42
LBR,Liberia,Liberia,1919,1920,LBR-1847-2025,2
LBR,Liberia,Liberia,1925,1931,LBR-1847-2025,7
LBR,Liberia,Liberia,1934,1960,LBR-1847-2025,34
LBY,Libya,Libya,1910,1910,OTT-1908-1912,4
LBY,Libya,Libya,1925,1925,LBY-1925-1934,4
LBY,Libya,Libya,1928,1928,LBY-1925-1934,4
LBY,Libya,Libya,1935,1938,LBY-1934-1943,12
LBY,Libya,Libya,1945,1945,LBY-1943-1949,4
LBY,Libya,Libya,1947,1947,LBY-1943-1949,2
LBY,Libya,Libya,1949,1949,LBY-1943-1949,3
LBY,Libya,Libya,1951,1951,LBY-1951-2025,2
LBY,Libya,Libya,1953,1960,LBY-1951-2025,29
LKA,Sri Lanka,Sri Lanka,1850,1857,LKA-1800-2025,32
LKA,Sri Lanka,Sri Lanka,1859,1876,LKA-1800-2025,63
LKA,Sri Lanka,Sri Lanka,1878,1960,LKA-1800-2025,648
LSO,Lesotho,Lesotho,1875,1875,LSO-1868-1886,4
LSO,Lesotho,Lesotho,1904,1904,LSO-1886-1966,1
LSO,Lesotho,Lesotho,1911,1911,LSO-1886-1966,3
LSO,Lesotho,Lesotho,1921,1940,LSO-1886-1966,80
LSO,Lesotho,Lesotho,1945,1946,LSO-1886-1966,8
LSO,Lesotho,Lesotho,1948,1948,LSO-1886-1966,4
LSO,Lesotho,Lesotho,1950,1950,LSO-1886-1966,4
LSO,Lesotho,Lesotho,1952,1952,LSO-1886-1966,4
LSO,Lesotho,Lesotho,1954,1954,LSO-1886-1966,4
LSO,Lesotho,Lesotho,1956,1960,LSO-1886-1966,20
LTU,Lithuania,Lithuania,1913,1913,LTU-1800-1918,4
LTU,Lithuania,Lithuania,1919,1939,LTU-1918-1940,404
LTU,Lithuania,Lithuania,1940,1940,LTU-1940-1991,11
LUX,Luxembourg,Luxembourg,1861,1861,LUX-1839-2025,7
LUX,Luxembourg,Luxembourg,1863,1863,LUX-1839-2025,7
LUX,Luxembourg,Luxembourg,1865,1865,LUX-1839-2025,7
LUX,Luxembourg,Luxembourg,1872,1872,LUX-1839-2025,7
LUX,Luxembourg,Luxembourg,1874,1874,LUX-1839-2025,7
LUX,Luxembourg,Luxembourg,1901,1901,LUX-1839-2025,4
LUX,Luxembourg,Luxembourg,1904,1904,LUX-1839-2025,4
LUX,Luxembourg,Luxembourg,1906,1960,LUX-1839-2025,891
LVA,Latvia,Latvia,1913,1913,LVA-1800-1918,4
LVA,Latvia,Latvia,1920,1939,LVA-1918-1940,428
MAR,Morocco,Morocco,1915,1957,MAR-1911-1958,690
MAR,Morocco,Morocco,1958,1960,MAR-1958-1975,47
MDG,Madagascar,Madagascar,1905,1960,MDG-1882-2025,652
MEX,Mexico,Mexico,1877,1877,MEX-1848-2025,1
MEX,Mexico,Mexico,1888,1960,MEX-1848-2025,2901
MLI,Mali,Mali,1960,1960,MLI-1960-2025,13
MLT,Malta,Malta,1909,1940,MLT-1800-2025,493
MLT,Malta,Malta,1942,1959,MLT-1800-2025,276
MMR,Myanmar,Myanmar,1855,1855,MMR-1852-1885,1
MMR,Myanmar,Myanmar,1860,1860,MMR-1852-1885,1
MMR,Myanmar,Myanmar,1863,1884,MMR-1852-1885,22
MMR,Myanmar,Myanmar,1885,1960,MMR-1885-2025,291
MNG,Mongolia,Mongolia,1957,1960,MNG-1921-2025,8
MOZ,Mozambique,Mozambique,1901,1907,MOZ-1891-1975,7
MOZ,Mozambique,Mozambique,1909,1915,MOZ-1891-1975,7
MOZ,Mozambique,Mozambique,1917,1960,MOZ-1891-1975,279
MRT,Mauritania,Mauritania,1960,1960,MRT-1960-1975,4
MTQ,Latin America Other,Martinique,1850,1960,MTQ-1816-2025,141
MUS,Mauritius,Mauritius,1855,1864,MUS-1800-2025,12
MUS,Mauritius,Mauritius,1866,1889,MUS-1800-2025,36
MUS,Mauritius,Mauritius,1891,1960,MUS-1800-2025,139
MWI,Malawi,Malawi,1953,1960,FRN-1953-1964,49
MYS,Malaysia,Malaysia,1957,1960,MYS-1957-1963,16
NA,NA,Cape Natal,1918,1930,ZAF-1910-2025,13
NA,NA,Cape Natal,1934,1939,ZAF-1910-2025,6
NA,NA,Cape Natal,1943,1943,ZAF-1910-2025,1
NA,NA,Cape Natal,1945,1957,ZAF-1910-2025,13
NA,NA,Cape Province,1852,1855,CAP-1800-1895,28
NA,NA,Cape Province,1865,1865,CAP-1800-1895,8
NA,NA,Cape Province,1875,1875,CAP-1800-1895,10
NA,NA,Cape Province,1886,1894,CAP-1800-1895,38
NA,NA,Cape Province,1895,1898,CAP-1895-1910,20
NA,NA,Cape Province,1904,1904,CAP-1895-1910,1
NA,NA,Cape Province,1907,1909,CAP-1895-1910,8
NA,NA,Cape of Good Hope,1865,1865,CAP-1800-1895,1
NA,NA,Cape of Good Hope,1875,1875,CAP-1800-1895,1
NA,NA,Cape of Good Hope,1887,1890,CAP-1800-1895,4
NA,NA,Cape of Good Hope,1892,1892,CAP-1800-1895,1
NA,NA,Cape of Good Hope,1897,1898,CAP-1895-1910,2
NA,NA,Cape of Good Hope,1904,1904,CAP-1895-1910,1
NA,NA,"China, Manchuria Province of",1927,1931,CHN-1921-1932,36
NA,NA,"China, Manchuria Province of",1932,1945,MAN-1932-1945,91
NA,NA,"China, Manchuria Province of",1946,1946,CHN-1945-1947,4
NA,NA,"China, Manchuria Province of",1947,1948,CHN-1947-1949,2
NA,NA,"China, Manchuria Province of",1950,1952,CHN-1950-2025,13
NA,NA,Indochina,1887,1889,FID-1887-1954,3
NA,NA,Indochina,1899,1907,FID-1887-1954,10
NA,NA,Indochina,1910,1948,FID-1887-1954,229
NA,NA,Israel/Palestine,1925,1947,PAL-1920-1948,23
NA,NA,Israel/Palestine,1948,1949,ISR-1948-1967,2
NA,NA,Korea,1909,1944,KOR-1800-1945,451
NA,NA,Korea,1945,1947,KOR-1945-1948,34
NA,NA,Korea,1948,1960,KOR-1948-2025,93
NA,NA,Natal,1852,1857,NAT-1843-1895,26
NA,NA,Natal,1859,1894,NAT-1843-1895,281
NA,NA,Natal,1895,1909,NAT-1895-1910,112
NA,NA,Natal,1945,1945,ZAF-1910-2025,1
NA,NA,Natal,1947,1947,ZAF-1910-2025,1
NA,NA,Natal,1949,1950,ZAF-1910-2025,2
NA,NA,Natal,1954,1954,ZAF-1910-2025,1
NA,NA,Natal,1957,1957,ZAF-1910-2025,2
NA,NA,Rwanda and Burundi,1924,1938,RWB-1922-1962,59
NA,NA,Rwanda and Burundi,1945,1960,RWB-1922-1962,98
NAM,Namibia,Namibia,1903,1903,NAM-1886-1915,3
NAM,Namibia,Namibia,1907,1913,NAM-1886-1915,21
NAM,Namibia,Namibia,1920,1939,NAM-1920-1990,59
NAM,Namibia,Namibia,1943,1943,NAM-1920-1990,2
NAM,Namibia,Namibia,1945,1945,NAM-1920-1990,3
NAM,Namibia,Namibia,1947,1960,NAM-1920-1990,42
NER,Niger,Niger,1921,1921,NER-1911-1922,6
NER,Niger,Niger,1922,1937,NER-1922-1947,104
NER,Niger,Niger,1939,1946,NER-1922-1947,47
NER,Niger,Niger,1947,1959,NER-1947-1960,82
NER,Niger,Niger,1960,1960,NER-1960-2025,9
NGA,Nigeria,Nigeria,1889,1913,NGA-1886-1914,55
NGA,Nigeria,Nigeria,1914,1959,NGA-1914-1960,350
NGA,Nigeria,Nigeria,1960,1960,NGA-1960-1961,17
NIC,Nicaragua,Nicaragua,1893,1960,NIC-1800-2025,485
NLD,Netherlands,Netherlands,1850,1960,NLD-1830-2025,2293
NOR,Norway,Norway,1855,1855,NOR-1800-2025,9
NOR,Norway,Norway,1865,1865,NOR-1800-2025,14
NOR,Norway,Norway,1870,1960,NOR-1800-2025,1197
NZL,New Zealand,New Zealand,1850,1851,NZL-1840-2025,14
NZL,New Zealand,New Zealand,1856,1858,NZL-1840-2025,15
NZL,New Zealand,New Zealand,1861,1861,NZL-1840-2025,8
NZL,New Zealand,New Zealand,1864,1864,NZL-1840-2025,8
NZL,New Zealand,New Zealand,1867,1960,NZL-1840-2025,1185
PAK,Pakistan,Pakistan,1940,1940,PAK-1937-1947,1
PAK,Pakistan,Pakistan,1945,1946,PAK-1937-1947,9
PAK,Pakistan,Pakistan,1947,1948,PAK-1947-1949,19
PAK,Pakistan,Pakistan,1949,1960,PAK-1949-1971,253
PAN,Panama,Panama,1916,1916,PAN-1903-1979,5
PAN,Panama,Panama,1918,1918,PAN-1903-1979,1
PAN,Panama,Panama,1921,1960,PAN-1903-1979,363
PER,Peru,Peru,1873,1877,PER-1825-1884,5
PER,Peru,Peru,1879,1883,PER-1825-1884,5
PER,Peru,Peru,1884,1908,PER-1884-1909,34
PER,Peru,Peru,1909,1921,PER-1909-1922,150
PER,Peru,Peru,1922,1941,PER-1922-1942,290
PER,Peru,Peru,1942,1960,PER-1942-2025,692
PHL,Philippines,Philippines,1850,1942,PHL-1800-2025,570
PHL,Philippines,Philippines,1944,1960,PHL-1800-2025,293
PNG,Papua New Guinea,Papua New Guinea,1958,1960,PNG-1949-1975,3
POL,Poland,Poland,1913,1913,POL-1815-1918,4
POL,Poland,Poland,1919,1919,POL-1919-1920,18
POL,Poland,Poland,1920,1920,POL-1920-1921,24
POL,Poland,Poland,1921,1944,POL-1921-1945,622
POL,Poland,Poland,1945,1960,POL-1945-2025,487
PRI,Puerto Rico,Puerto Rico,1850,1960,PRI-1800-2025,642
PRK,North Korea,North Korea,1946,1946,KOR-1945-1948,7
PRK,North Korea,North Korea,1949,1949,PRK-1948-2025,6
PRK,North Korea,North Korea,1953,1956,PRK-1948-2025,14
PRK,North Korea,North Korea,1958,1960,PRK-1948-2025,8
PRT,Portugal,Portugal,1850,1862,PRT-1800-2025,51
PRT,Portugal,Portugal,1865,1865,PRT-1800-2025,3
PRT,Portugal,Portugal,1867,1867,PRT-1800-2025,4
PRT,Portugal,Portugal,1869,1870,PRT-1800-2025,10
PRT,Portugal,Portugal,1873,1873,PRT-1800-2025,4
PRT,Portugal,Portugal,1875,1875,PRT-1800-2025,7
PRT,Portugal,Portugal,1882,1885,PRT-1800-2025,12
PRT,Portugal,Portugal,1887,1887,PRT-1800-2025,3
PRT,Portugal,Portugal,1893,1894,PRT-1800-2025,4
PRT,Portugal,Portugal,1898,1960,PRT-1800-2025,1031
PRY,Paraguay,Paraguay,1910,1918,PRY-1870-1932,61
PRY,Paraguay,Paraguay,1920,1931,PRY-1870-1932,88
PRY,Paraguay,Paraguay,1932,1937,PRY-1932-1938,65
PRY,Paraguay,Paraguay,1938,1960,PRY-1938-2025,464
PSE,Palestine,Palestine,1920,1946,PAL-1920-1948,95
ROU,Romania,Romania,1860,1860,ROU-1859-1913,5
ROU,Romania,Romania,1865,1865,ROU-1859-1913,6
ROU,Romania,Romania,1867,1876,ROU-1859-1913,108
ROU,Romania,Romania,1881,1912,ROU-1859-1913,478
ROU,Romania,Romania,1913,1917,ROU-1913-1918,112
ROU,Romania,Romania,1918,1918,ROU-1918-1919,27
ROU,Romania,Romania,1919,1919,ROU-1919-1920,35
ROU,Romania,Romania,1920,1939,ROU-1920-1940,755
ROU,Romania,Romania,1940,1946,ROU-1940-1947,289
ROU,Romania,Romania,1947,1960,ROU-1947-2025,482
RUS,Russian Federation,Russian Federation,1905,1913,F228-1905-1914,9
RUS,Russian Federation,Russian Federation,1914,1914,F228-1914-1917,1
RWA,Rwanda,Rwanda,1952,1960,RWB-1922-1962,27
SDN,Sudan,Sudan,1903,1933,SUD-1899-1934,98
SDN,Sudan,Sudan,1934,1956,SUD-1934-1956,170
SEN,Senegal,Senegal,1885,1885,SEN-1854-1886,1
SEN,Senegal,Senegal,1886,1890,SEN-1886-1960,5
SEN,Senegal,Senegal,1920,1959,SEN-1886-1960,368
SEN,Senegal,Senegal,1960,1960,SEN-1960-2025,14
SGP,Singapore,Singapore,1956,1960,SGP-1946-1963,5
SLE,Sierra Leone,Sierra Leone,1914,1916,SLE-1889-1961,3
SLE,Sierra Leone,Sierra Leone,1919,1945,SLE-1889-1961,27
SLE,Sierra Leone,Sierra Leone,1947,1948,SLE-1889-1961,4
SLE,Sierra Leone,Sierra Leone,1950,1960,SLE-1889-1961,22
SLV,El Salvador,El Salvador,1894,1960,SLV-1821-2025,774
SOM,Somalia,Somalia,1920,1920,ITS-1908-1960,3
SOM,Somalia,Somalia,1928,1928,ITS-1908-1960,3
SOM,Somalia,Somalia,1930,1932,ITS-1908-1960,8
SOM,Somalia,Somalia,1946,1947,ITS-1908-1960,5
SOM,Somalia,Somalia,1949,1949,ITS-1908-1960,3
SOM,Somalia,Somalia,1951,1952,ITS-1908-1960,4
SOM,Somalia,Somalia,1959,1959,ITS-1908-1960,4
SOM,Somalia,Somalia,1960,1960,SOM-1960-2025,4
SRB,Serbia,Serbia,1888,1912,SER-1878-1913,310
STP,Sao Tome and Principe,Sao Tome and Principe,1900,1960,STP-1800-2025,61
SWE,Sweden,Sweden,1850,1850,SWE-1814-1905,5
SWE,Sweden,Sweden,1854,1854,SWE-1814-1905,5
SWE,Sweden,Sweden,1858,1858,SWE-1814-1905,5
SWE,Sweden,Sweden,1860,1904,SWE-1814-1905,714
SWE,Sweden,Sweden,1905,1960,SWE-1905-2025,1297
SWZ,Eswatini,Eswatini,1909,1938,SWZ-1894-2025,30
SWZ,Eswatini,Eswatini,1942,1960,SWZ-1894-2025,22
SYR,Syria,Syrian Arab Republic,1920,1921,SYR-1920-1922,4
SYR,Syria,Syrian Arab Republic,1922,1945,SYR-1922-1946,165
SYR,Syria,Syrian Arab Republic,1946,1960,SYR-1946-1967,135
TCD,Chad,Chad,1930,1959,TCD-1919-1960,41
TCD,Chad,Chad,1960,1960,TCD-1960-2025,2
TGO,Togo,Togo,1933,1937,FTO-1920-1960,5
TGO,Togo,Togo,1945,1959,FTO-1920-1960,71
TGO,Togo,Togo,1960,1960,TGO-1960-2025,6
THA,Thailand,Thailand,1906,1906,THA-1904-1907,2
THA,Thailand,Thailand,1907,1908,THA-1907-1909,4
THA,Thailand,Thailand,1909,1960,THA-1909-2025,504
TTO,Trinidad and Tobago,Trinidad and Tobago,1850,1960,TTO-1800-2025,249
TUN,Tunisia,Tunisia,1891,1960,TUN-1881-2025,822
TUR,Turkey,Turkey,1880,1880,TUR-1800-1913,1
TUR,Turkey,Turkey,1884,1912,TUR-1800-1913,29
TUR,Turkey,Turkey,1913,1913,TUR-1913-1914,1
TUR,Turkey,Turkey,1914,1917,TUR-1914-1918,7
TUR,Turkey,Turkey,1918,1919,TUR-1918-1920,2
TUR,Turkey,Turkey,1920,1960,TUR-1920-2025,894
TWN,"China, Taiwan","China, Taiwan Province of",1896,1944,TWN-1895-1945,358
TWN,"China, Taiwan","China, Taiwan Province of",1945,1960,TWN-1945-2025,298
TZA,Tanzania,Tanzania,1897,1900,TAN-1891-1920,4
TZA,Tanzania,Tanzania,1902,1913,TAN-1891-1920,17
TZA,Tanzania,Tanzania,1917,1919,TAN-1891-1920,5
TZA,Tanzania,Tanzania,1920,1921,TAN-1920-1922,7
TZA,Tanzania,Tanzania,1922,1960,TAN-1922-1964,389
UGA,Uganda,Uganda,1905,1909,UGA-1902-1910,11
UGA,Uganda,Uganda,1910,1925,UGA-1910-1926,87
UGA,Uganda,Uganda,1926,1960,UGA-1926-1962,279
URY,Uruguay,Uruguay,1860,1860,URY-1828-2025,5
URY,Uruguay,Uruguay,1889,1889,URY-1828-2025,1
URY,Uruguay,Uruguay,1891,1960,URY-1828-2025,1554
USA,United States of America,United States of America,1850,1866,USA-1848-1867,57
USA,United States of America,United States of America,1867,1958,USA-1867-1959,6471
USA,United States of America,United States of America,1959,1960,USA-1959-2025,222
VEN,Venezuela,Venezuela,1872,1873,VEN-1821-2025,7
VEN,Venezuela,Venezuela,1875,1876,VEN-1821-2025,10
VEN,Venezuela,Venezuela,1883,1884,VEN-1821-2025,12
VEN,Venezuela,Venezuela,1886,1888,VEN-1821-2025,18
VEN,Venezuela,Venezuela,1894,1894,VEN-1821-2025,12
VEN,Venezuela,Venezuela,1899,1960,VEN-1821-2025,631
VNM,Viet Nam,Viet Nam,1938,1938,VNM-1887-1954,1
VNM,Viet Nam,Viet Nam,1940,1953,VNM-1887-1954,90
YUG,Yugoslav SFR,Yugoslav SFR,1909,1911,SER-1878-1913,11
ZAF,South Africa,South Africa,1910,1960,ZAF-1910-2025,995
ZMB,Zambia,Zambia,1912,1912,NRH-1911-1953,1
ZMB,Zambia,Zambia,1921,1921,NRH-1911-1953,1
ZMB,Zambia,Zambia,1923,1952,NRH-1911-1953,30
ZMB,Zambia,Zambia,1953,1960,FRN-1953-1964,9
ZWE,Zimbabwe,Zimbabwe,1901,1901,ZWE-1900-1953,3
ZWE,Zimbabwe,Zimbabwe,1904,1904,ZWE-1900-1953,1
ZWE,Zimbabwe,Zimbabwe,1906,1952,ZWE-1900-1953,333
