source,country,item,year,area_ha,prod_t,yield_t_ha,ref_yield,ratio_to_ref,orders_out,looks_like_power_of_ten,prod_t_if_area_ok,area_ha_if_prod_ok
fao1952,Somalia,bananas,1949,3000.0,301263000.0,100421.0,17.012810789120444,5902.669537958915,4,True,51038.43236736133,17708008.61387674
iia,czech republic,grapes,1930,8.0,73236.8,9154.6,3.888888888888889,2354.04,3,False,31.11111111111111,18832.32
iia,czech republic,grapes,1931,23.0,70799.8,3078.2521739130434,3.888888888888889,791.5505590062112,3,True,89.44444444444444,18205.66285714286
mitchell,"china, mainland",millet,1952,4000.0,7612000.0,1903.0,0.8321666666666667,2286.8015221309834,3,False,3328.666666666667,9147206.088523934
iia,"china, mainland",sesame seed,1930,65.0,116298.9,1789.2138461538461,0.4,4473.034615384615,4,False,26.0,290747.24999999994
iia,"china, mainland",sesame seed,1931,64.0,101080.2,1579.378125,0.4,3948.4453124999995,4,False,25.6,252700.49999999997
iia,dr congo,cotton seed,1922,5.0,3518.0,703.6,0.30150615022065946,2333.617405432908,3,False,1.5075307511032974,11668.087027164542
iia,"china, mainland",sesame seed,1932,81.0,31887.5,393.67283950617286,0.4,984.1820987654321,3,True,32.4,79718.75
iia,czech republic,grapes,1932,20.0,6671.4,333.57,3.888888888888889,85.77514285714285,2,True,77.77777777777777,1715.502857142857
iia,australia,hops,1940,500.0,146400.0,292.8,1.1997058823529412,244.05981858298603,2,False,599.8529411764706,122029.90929149301
iia,australia,hops,1941,500.0,137500.0,275.0,1.1997058823529412,229.22284873743564,2,False,599.8529411764706,114611.42436871782
iia,czech republic,"tobacco, unmanufactured",1943,2000.0,542900.0,271.45,1.0944904519490453,248.01495482816466,2,False,2188.9809038980907,496029.9096563294
iia,australia,hops,1943,500.0,133900.0,267.8,1.1997058823529412,223.2213777886737,2,False,599.8529411764706,111610.68889433685
iia,"china, mainland",sesame seed,1933,126.0,33512.4,265.9714285714286,0.4,664.9285714285714,3,True,50.400000000000006,83781.0
iia,"china, taiwan province of","tobacco, unmanufactured",1937,1000.0,261100.0,261.1,1.0944904519490453,238.55849956026452,2,False,1094.4904519490453,238558.4995602645
iia,australia,hops,1942,500.0,126000.0,252.0,1.1997058823529412,210.0514832066683,2,False,599.8529411764706,105025.74160333414
fao1952,Paraguay,cassava,1949,5000.0,1239000.0,247.8,7.0,35.4,2,False,35000.0,177000.0
iia,australia,hops,1944,500.0,118500.0,237.0,1.1997058823529412,197.5484187300809,2,False,599.8529411764706,98774.20936504046
iia,"china, taiwan province of","tobacco, unmanufactured",1934,1000.0,214000.0,214.0,1.0944904519490453,195.52477558750135,2,False,1094.4904519490453,195524.77558750135
iia,"china, taiwan province of","tobacco, unmanufactured",1935,1000.0,203500.0,203.5,1.0944904519490453,185.93127024325477,2,False,1094.4904519490453,185931.27024325478
iia,congo,"coffee, green",1933,18000.0,179.9,0.009994444444444445,0.3938060657838531,0.025379102336961105,-2,False,7088.509184109355,456.8238420652999
iia,barbados,cotton lint,1913,1208.0,12.0,0.009933774834437087,0.1398682042833608,0.0710223948704748,-1,True,168.96079077429985,85.79505300353357
mitchell,natal,maize,1897,83000.0,824.0,0.009927710843373494,1.19001386962552,0.008342516920830174,-2,True,98771.15117891817,692.4289044289045
mitchell,natal,maize,1896,89000.0,877.0,0.009853932584269663,1.19001386962552,0.008280519106361803,-2,True,105911.23439667128,736.9662004662005
mitchell,natal,maize,1870,48000.0,472.0,0.009833333333333333,1.19001386962552,0.008263209013209013,-2,True,57120.66574202496,396.6340326340327
mitchell,natal,maize,1877,63000.0,609.0,0.009666666666666667,1.19001386962552,0.008123154623154624,-2,True,74970.87378640776,511.7587412587413
mitchell,natal,maize,1902,155000.0,1447.0,0.009335483870967743,1.19001386962552,0.0078448529964659,-2,True,184452.1497919556,1215.9522144522145
juan,austria,grapes,1916,179500.0,1671.3,0.009310863509749303,3.888888888888889,0.0023942220453641062,-3,False,698055.5555555555,429.7628571428571
mitchell,natal,maize,1878,62000.0,574.0,0.009258064516129032,1.19001386962552,0.007779795473343861,-2,True,73780.85991678224,482.3473193473194
mitchell,natal,maize,1892,130000.0,1160.0,0.008923076923076922,1.19001386962552,0.007498296575219652,-2,True,154701.8030513176,974.7785547785548
fao1952,Tanganyika,bananas,1949,1684000.0,15000.0,0.008907363420427554,17.012810789120444,0.000523568005947832,-3,True,28649573.368878826,881.6885220161491
mitchell,natal,maize,1872,41000.0,359.0,0.00875609756097561,1.19001386962552,0.00735797941895503,-2,True,48790.56865464632,301.6771561771562
juan,sweden,linseed,1941,47000.0,400.0,0.00851063829787234,0.4823529411764706,0.017644006227296314,-2,False,22670.58823529412,829.2682926829268
mitchell,natal,maize,1893,110000.0,894.0,0.008127272727272728,1.19001386962552,0.006829561347743167,-2,True,130901.52565880721,751.2517482517483
iia,congo,"coffee, green",1931,12900.0,104.3,0.008085271317829457,0.3938060657838531,0.020531098985832257,-2,False,5080.098248611705,264.8511769172361
mitchell,natal,maize,1880,81000.0,643.0,0.007938271604938272,1.19001386962552,0.006670738726294282,-2,True,96391.12343966712,540.3298368298368
mitchell,cape province,maize,1875,53000.0,405.0,0.007641509433962264,1.19001386962552,0.006421361657210714,-2,True,63070.735090152564,340.33216783216784
iia,congo,"coffee, green",1930,12610.0,92.9,0.007367168913560667,0.3938060657838531,0.018707606493812257,-2,False,4965.8944895343875,235.90291788697255
juan,austria,grapes,1915,167400.0,1164.5,0.006956391875746715,3.888888888888889,0.0017887864823348696,-3,False,651000.0,299.4428571428571
iia,gabon,"cacao, beans",1930,16000.0,104.2,0.0065125,0.24225000000000002,0.026883384932920536,-2,False,3876.0000000000005,430.13415892672856
juan,sweden,flax fibre and tow,1941,47000.0,300.0,0.006382978723404255,0.4362028301886792,0.014633052061224137,-2,True,20501.53301886792,687.7534468775345
fao1952,British Borneo North Borneo,tobacco,1949,48000.0,300.0,0.00625,0.8928571428571428,0.007000000000000001,-2,True,42857.142857142855,336.0
mitchell,natal,maize,1895,69000.0,419.0,0.006072463768115942,1.19001386962552,0.005102851255025168,-2,True,82110.95700416088,352.0967365967366
iia,congo,"coffee, green",1932,16300.0,98.7,0.00605521472392638,0.3938060657838531,0.015376133711586566,-2,False,6419.038872276805,250.63097949886105
mitchell,cape province,maize,1865,20000.0,118.0,0.0059,1.19001386962552,0.004957925407925408,-2,False,23800.2773925104,99.15850815850817
iia,dr congo,"groundnuts, with shell",1943,19000.0,100.0,0.005263157894736842,0.9787856071964018,0.005377232619728074,-2,True,18596.926536731637,102.16741977483342
iia,cabo verde,"coffee, green",1940,19000.0,100.0,0.005263157894736842,0.3938060657838531,0.013364847197720953,-2,True,7482.315249893209,253.93209675669812
mitchell,cape province,maize,1852,12000.0,63.0,0.00525,1.19001386962552,0.004411713286713287,-2,False,14280.16643550624,52.94055944055945
iia,mauritius,"coffee, green",1915,20.0,0.1,0.005,0.3938060657838531,0.012696604837834906,-2,True,7.876121315677062,0.25393209675669814
iia,british virgin islands,cotton lint,1924,40.0,0.2,0.005,0.1398682042833608,0.035747938751472315,-1,False,5.594728171334432,1.4299175500588928
fao1952,Northern Rhodesia,tobacco,1951,1034000.0,5000.0,0.004835589941972921,0.8928571428571428,0.005415860735009672,-2,True,923214.2857142857,5600.0
juan,austria,grapes,1917,155400.0,741.0,0.0047683397683397685,3.888888888888889,0.0012261445118587977,-3,True,604333.3333333334,190.54285714285714
iia,"china, mainland",rapeseed,1933,3656000.0,16540.6,0.004524234135667396,1.0,0.004524234135667396,-2,False,3656000.0,16540.6
mitchell,natal,maize,1903,157000.0,704.0,0.004484076433121019,1.19001386962552,0.003768087538788176,-2,False,186832.17753120663,591.5897435897436
iia,libya,wine,1930,3620.0,14.55,0.004019337016574586,2.8032631578947367,0.001433806528386413,-3,True,10147.812631578947,5.190379632758815
fao1952,British Borneo North Borneo,tobacco,1950,148000.0,500.0,0.0033783783783783786,0.8928571428571428,0.003783783783783784,-2,False,132142.85714285713,560.0
iia,turkey,hempseed,1945,910000.0,2800.0,0.003076923076923077,0.3844251575318036,0.008003958681264304,-2,True,349826.89335394127,7283.602399950516
juan,chile,flax fibre and tow,1909,5161.0,15.7,0.003042046115093974,0.4362028301886792,0.0069739256707209785,-2,True,2251.2428066037733,35.99243038659097
iia,libya,wine,1931,4450.0,12.125,0.0027247191011235956,2.8032631578947367,0.0009719812046364823,-3,True,12474.521052631579,4.325316360632346
fao1952,China 22 provinces,rice paddy,1949,18500000.0,44000.0,0.0023783783783783785,1.595739567013246,0.001490455226870135,-3,True,29521181.98974505,27573.421697097496
juan,sweden,flax fibre and tow,1940,46000.0,100.0,0.002173913043478261,0.4362028301886792,0.004983720629547351,-2,False,20065.330188679243,229.25114895917818
juan,sweden,linseed,1940,46000.0,100.0,0.002173913043478261,0.4823529411764706,0.004506892895015907,-2,False,22188.235294117647,207.3170731707317
iia,syrian arab republic,hempseed,1940,710000.0,1500.0,0.002112676056338028,0.3844251575318036,0.005495675855093447,-2,True,272941.8618475806,3901.9298571163476
iia,syrian arab republic,hempseed,1936,213000.0,400.0,0.0018779342723004694,0.3844251575318036,0.004885045204527509,-2,False,81882.55855427418,1040.5146285643593
iia,ghana,cotton lint,1910,10000.0,18.0,0.0018,0.1398682042833608,0.012869257950530033,-2,True,1398.682042833608,128.69257950530033
iia,ghana,cotton lint,1911,13000.0,18.0,0.0013846153846153845,0.1398682042833608,0.00989942919271541,-2,True,1818.2866556836905,128.69257950530033
iia,ghana,cotton lint,1914,13000.0,18.0,0.0013846153846153845,0.1398682042833608,0.00989942919271541,-2,True,1818.2866556836905,128.69257950530033
iia,ghana,cotton lint,1915,14000.0,18.0,0.0012857142857142856,0.1398682042833608,0.009192327107521452,-2,True,1958.1548599670512,128.69257950530033
iia,ghana,cotton lint,1917,15000.0,18.0,0.0012,0.1398682042833608,0.008579505300353356,-2,True,2098.023064250412,128.69257950530033
iia,ghana,cotton lint,1916,15000.0,18.0,0.0012,0.1398682042833608,0.008579505300353356,-2,True,2098.023064250412,128.69257950530033
iia,ghana,cotton lint,1918,20000.0,18.0,0.0009,0.1398682042833608,0.006434628975265017,-2,True,2797.364085667216,128.69257950530033
juan,spain,canary seed,1901,2458.0,2.033,0.0008270951993490643,0.5244548502215889,0.0015770570126286485,-3,False,1289.1100218446654,3.8764061370412177
iia,russian federation,rye,1931,27600000.0,21990.0,0.0007967391304347826,1.147519096667731,0.0006943144848294248,-3,True,31671527.068029378,19163.079781292123
iia,united states of america,"coffee, green",1933,80900.0,50.8,0.0006279357231149567,0.3938060657838531,0.001594530347990144,-3,False,31858.910721913715,128.99750515240262
iia,cyprus,"tobacco, unmanufactured",1925,12707.0,7.3,0.0005744865035020067,1.0944904519490453,0.0005248894610994307,-3,True,13907.690172916518,6.669770382190467
iia,algeria,flax fibre and tow,1919,433.0,0.1,0.0002309468822170901,0.4362028301886792,0.000529448380968079,-3,True,188.8758254716981,0.22925114895917817
juan,brazil,figs,1959,2465.0,0.5,0.00020283975659229209,5.373134328358209,3.77507324768988e-05,-4,False,13244.776119402986,0.09305555555555554
