nuts_id,name_latn,basis
ES,España,"Eurostat GISCO NUTS 2021 attribute table (NUTS_AT_2021.csv), NAME_LATN"
ES1,Noroeste,"Eurostat GISCO NUTS 2021 attribute table (NUTS_AT_2021.csv), NAME_LATN"
ES11,Galicia,"Eurostat GISCO NUTS 2021 attribute table (NUTS_AT_2021.csv), NAME_LATN"
ES111,A Coruña,"Eurostat GISCO NUTS 2021 attribute table (NUTS_AT_2021.csv), NAME_LATN"
ES112,Lugo,"Eurostat GISCO NUTS 2021 attribute table (NUTS_AT_2021.csv), NAME_LATN"
ES113,Ourense,"Eurostat GISCO NUTS 2021 attribute table (NUTS_AT_2021.csv), NAME_LATN"
ES114,Pontevedra,"Eurostat GISCO NUTS 2021 attribute table (NUTS_AT_2021.csv), NAME_LATN"
ES12,Principado de Asturias,"Eurostat GISCO NUTS 2021 attribute table (NUTS_AT_2021.csv), NAME_LATN"
ES120,Asturias,"Eurostat GISCO NUTS 2021 attribute table (NUTS_AT_2021.csv), NAME_LATN"
ES13,Cantabria,"Eurostat GISCO NUTS 2021 attribute table (NUTS_AT_2021.csv), NAME_LATN"
ES130,Cantabria,"Eurostat GISCO NUTS 2021 attribute table (NUTS_AT_2021.csv), NAME_LATN"
ES2,Noreste,"Eurostat GISCO NUTS 2021 attribute table (NUTS_AT_2021.csv), NAME_LATN"
ES21,País Vasco,"Eurostat GISCO NUTS 2021 attribute table (NUTS_AT_2021.csv), NAME_LATN"
ES211,Araba/Álava,"Eurostat GISCO NUTS 2021 attribute table (NUTS_AT_2021.csv), NAME_LATN"
ES212,Gipuzkoa,"Eurostat GISCO NUTS 2021 attribute table (NUTS_AT_2021.csv), NAME_LATN"
ES213,Bizkaia,"Eurostat GISCO NUTS 2021 attribute table (NUTS_AT_2021.csv), NAME_LATN"
ES22,Comunidad Foral de Navarra,"Eurostat GISCO NUTS 2021 attribute table (NUTS_AT_2021.csv), NAME_LATN"
ES220,Navarra,"Eurostat GISCO NUTS 2021 attribute table (NUTS_AT_2021.csv), NAME_LATN"
ES23,La Rioja,"Eurostat GISCO NUTS 2021 attribute table (NUTS_AT_2021.csv), NAME_LATN"
ES230,La Rioja,"Eurostat GISCO NUTS 2021 attribute table (NUTS_AT_2021.csv), NAME_LATN"
ES24,Aragón,"Eurostat GISCO NUTS 2021 attribute table (NUTS_AT_2021.csv), NAME_LATN"
ES241,Huesca,"Eurostat GISCO NUTS 2021 attribute table (NUTS_AT_2021.csv), NAME_LATN"
ES242,Teruel,"Eurostat GISCO NUTS 2021 attribute table (NUTS_AT_2021.csv), NAME_LATN"
ES243,Zaragoza,"Eurostat GISCO NUTS 2021 attribute table (NUTS_AT_2021.csv), NAME_LATN"
ES3,Comunidad de Madrid,"Eurostat GISCO NUTS 2021 attribute table (NUTS_AT_2021.csv), NAME_LATN"
ES30,Comunidad de Madrid,"Eurostat GISCO NUTS 2021 attribute table (NUTS_AT_2021.csv), NAME_LATN"
ES300,Madrid,"Eurostat GISCO NUTS 2021 attribute table (NUTS_AT_2021.csv), NAME_LATN"
ES4,Centro (ES),"Eurostat GISCO NUTS 2021 attribute table (NUTS_AT_2021.csv), NAME_LATN"
ES41,Castilla y León,"Eurostat GISCO NUTS 2021 attribute table (NUTS_AT_2021.csv), NAME_LATN"
ES411,Ávila,"Eurostat GISCO NUTS 2021 attribute table (NUTS_AT_2021.csv), NAME_LATN"
ES412,Burgos,"Eurostat GISCO NUTS 2021 attribute table (NUTS_AT_2021.csv), NAME_LATN"
ES413,León,"Eurostat GISCO NUTS 2021 attribute table (NUTS_AT_2021.csv), NAME_LATN"
ES414,Palencia,"Eurostat GISCO NUTS 2021 attribute table (NUTS_AT_2021.csv), NAME_LATN"
ES415,Salamanca,"Eurostat GISCO NUTS 2021 attribute table (NUTS_AT_2021.csv), NAME_LATN"
ES416,Segovia,"Eurostat GISCO NUTS 2021 attribute table (NUTS_AT_2021.csv), NAME_LATN"
ES417,Soria,"Eurostat GISCO NUTS 2021 attribute table (NUTS_AT_2021.csv), NAME_LATN"
ES418,Valladolid,"Eurostat GISCO NUTS 2021 attribute table (NUTS_AT_2021.csv), NAME_LATN"
ES419,Zamora,"Eurostat GISCO NUTS 2021 attribute table (NUTS_AT_2021.csv), NAME_LATN"
ES42,Castilla-La Mancha,"Eurostat GISCO NUTS 2021 attribute table (NUTS_AT_2021.csv), NAME_LATN"
ES421,Albacete,"Eurostat GISCO NUTS 2021 attribute table (NUTS_AT_2021.csv), NAME_LATN"
ES422,Ciudad Real,"Eurostat GISCO NUTS 2021 attribute table (NUTS_AT_2021.csv), NAME_LATN"
ES423,Cuenca,"Eurostat GISCO NUTS 2021 attribute table (NUTS_AT_2021.csv), NAME_LATN"
ES424,Guadalajara,"Eurostat GISCO NUTS 2021 attribute table (NUTS_AT_2021.csv), NAME_LATN"
ES425,Toledo,"Eurostat GISCO NUTS 2021 attribute table (NUTS_AT_2021.csv), NAME_LATN"
ES43,Extremadura,"Eurostat GISCO NUTS 2021 attribute table (NUTS_AT_2021.csv), NAME_LATN"
ES431,Badajoz,"Eurostat GISCO NUTS 2021 attribute table (NUTS_AT_2021.csv), NAME_LATN"
ES432,Cáceres,"Eurostat GISCO NUTS 2021 attribute table (NUTS_AT_2021.csv), NAME_LATN"
ES5,Este,"Eurostat GISCO NUTS 2021 attribute table (NUTS_AT_2021.csv), NAME_LATN"
ES51,Cataluña,"Eurostat GISCO NUTS 2021 attribute table (NUTS_AT_2021.csv), NAME_LATN"
ES511,Barcelona,"Eurostat GISCO NUTS 2021 attribute table (NUTS_AT_2021.csv), NAME_LATN"
ES512,Girona,"Eurostat GISCO NUTS 2021 attribute table (NUTS_AT_2021.csv), NAME_LATN"
ES513,Lleida,"Eurostat GISCO NUTS 2021 attribute table (NUTS_AT_2021.csv), NAME_LATN"
ES514,Tarragona,"Eurostat GISCO NUTS 2021 attribute table (NUTS_AT_2021.csv), NAME_LATN"
ES52,Comunitat Valenciana,"Eurostat GISCO NUTS 2021 attribute table (NUTS_AT_2021.csv), NAME_LATN"
ES521,Alicante/Alacant,"Eurostat GISCO NUTS 2021 attribute table (NUTS_AT_2021.csv), NAME_LATN"
ES522,Castellón/Castelló,"Eurostat GISCO NUTS 2021 attribute table (NUTS_AT_2021.csv), NAME_LATN"
ES523,Valencia/València,"Eurostat GISCO NUTS 2021 attribute table (NUTS_AT_2021.csv), NAME_LATN"
ES53,Illes Balears,"Eurostat GISCO NUTS 2021 attribute table (NUTS_AT_2021.csv), NAME_LATN"
ES531,Eivissa y Formentera,"Eurostat GISCO NUTS 2021 attribute table (NUTS_AT_2021.csv), NAME_LATN"
ES532,Mallorca,"Eurostat GISCO NUTS 2021 attribute table (NUTS_AT_2021.csv), NAME_LATN"
ES533,Menorca,"Eurostat GISCO NUTS 2021 attribute table (NUTS_AT_2021.csv), NAME_LATN"
ES6,Sur,"Eurostat GISCO NUTS 2021 attribute table (NUTS_AT_2021.csv), NAME_LATN"
ES61,Andalucía,"Eurostat GISCO NUTS 2021 attribute table (NUTS_AT_2021.csv), NAME_LATN"
ES611,Almería,"Eurostat GISCO NUTS 2021 attribute table (NUTS_AT_2021.csv), NAME_LATN"
ES612,Cádiz,"Eurostat GISCO NUTS 2021 attribute table (NUTS_AT_2021.csv), NAME_LATN"
ES613,Córdoba,"Eurostat GISCO NUTS 2021 attribute table (NUTS_AT_2021.csv), NAME_LATN"
ES614,Granada,"Eurostat GISCO NUTS 2021 attribute table (NUTS_AT_2021.csv), NAME_LATN"
ES615,Huelva,"Eurostat GISCO NUTS 2021 attribute table (NUTS_AT_2021.csv), NAME_LATN"
ES616,Jaén,"Eurostat GISCO NUTS 2021 attribute table (NUTS_AT_2021.csv), NAME_LATN"
ES617,Málaga,"Eurostat GISCO NUTS 2021 attribute table (NUTS_AT_2021.csv), NAME_LATN"
ES618,Sevilla,"Eurostat GISCO NUTS 2021 attribute table (NUTS_AT_2021.csv), NAME_LATN"
ES62,Región de Murcia,"Eurostat GISCO NUTS 2021 attribute table (NUTS_AT_2021.csv), NAME_LATN"
ES620,Murcia,"Eurostat GISCO NUTS 2021 attribute table (NUTS_AT_2021.csv), NAME_LATN"
ES63,Ciudad de Ceuta,"Eurostat GISCO NUTS 2021 attribute table (NUTS_AT_2021.csv), NAME_LATN"
ES630,Ceuta,"Eurostat GISCO NUTS 2021 attribute table (NUTS_AT_2021.csv), NAME_LATN"
ES64,Ciudad de Melilla,"Eurostat GISCO NUTS 2021 attribute table (NUTS_AT_2021.csv), NAME_LATN"
ES640,Melilla,"Eurostat GISCO NUTS 2021 attribute table (NUTS_AT_2021.csv), NAME_LATN"
ES7,Canarias,"Eurostat GISCO NUTS 2021 attribute table (NUTS_AT_2021.csv), NAME_LATN"
ES70,Canarias,"Eurostat GISCO NUTS 2021 attribute table (NUTS_AT_2021.csv), NAME_LATN"
ES703,El Hierro,"Eurostat GISCO NUTS 2021 attribute table (NUTS_AT_2021.csv), NAME_LATN"
ES704,Fuerteventura,"Eurostat GISCO NUTS 2021 attribute table (NUTS_AT_2021.csv), NAME_LATN"
ES705,Gran Canaria,"Eurostat GISCO NUTS 2021 attribute table (NUTS_AT_2021.csv), NAME_LATN"
ES706,La Gomera,"Eurostat GISCO NUTS 2021 attribute table (NUTS_AT_2021.csv), NAME_LATN"
ES707,La Palma,"Eurostat GISCO NUTS 2021 attribute table (NUTS_AT_2021.csv), NAME_LATN"
ES708,Lanzarote,"Eurostat GISCO NUTS 2021 attribute table (NUTS_AT_2021.csv), NAME_LATN"
ES709,Tenerife,"Eurostat GISCO NUTS 2021 attribute table (NUTS_AT_2021.csv), NAME_LATN"
FR,France,"Eurostat GISCO NUTS 2021 attribute table (NUTS_AT_2021.csv), NAME_LATN"
FR1,Ile-de-France,"Eurostat GISCO NUTS 2021 attribute table (NUTS_AT_2021.csv), NAME_LATN"
FR10,Ile-de-France,"Eurostat GISCO NUTS 2021 attribute table (NUTS_AT_2021.csv), NAME_LATN"
FR101,Paris,"Eurostat GISCO NUTS 2021 attribute table (NUTS_AT_2021.csv), NAME_LATN"
FR102,Seine-et-Marne,"Eurostat GISCO NUTS 2021 attribute table (NUTS_AT_2021.csv), NAME_LATN"
FR103,Yvelines,"Eurostat GISCO NUTS 2021 attribute table (NUTS_AT_2021.csv), NAME_LATN"
FR104,Essonne,"Eurostat GISCO NUTS 2021 attribute table (NUTS_AT_2021.csv), NAME_LATN"
FR105,Hauts-de-Seine,"Eurostat GISCO NUTS 2021 attribute table (NUTS_AT_2021.csv), NAME_LATN"
FR106,Seine-Saint-Denis,"Eurostat GISCO NUTS 2021 attribute table (NUTS_AT_2021.csv), NAME_LATN"
FR107,Val-de-Marne,"Eurostat GISCO NUTS 2021 attribute table (NUTS_AT_2021.csv), NAME_LATN"
FR108,Val-d’Oise,"Eurostat GISCO NUTS 2021 attribute table (NUTS_AT_2021.csv), NAME_LATN"
FRB,Centre — Val de Loire,"Eurostat GISCO NUTS 2021 attribute table (NUTS_AT_2021.csv), NAME_LATN"
FRB0,Centre — Val de Loire,"Eurostat GISCO NUTS 2021 attribute table (NUTS_AT_2021.csv), NAME_LATN"
FRB01,Cher,"Eurostat GISCO NUTS 2021 attribute table (NUTS_AT_2021.csv), NAME_LATN"
FRB02,Eure-et-Loir,"Eurostat GISCO NUTS 2021 attribute table (NUTS_AT_2021.csv), NAME_LATN"
FRB03,Indre,"Eurostat GISCO NUTS 2021 attribute table (NUTS_AT_2021.csv), NAME_LATN"
FRB04,Indre-et-Loire,"Eurostat GISCO NUTS 2021 attribute table (NUTS_AT_2021.csv), NAME_LATN"
FRB05,Loir-et-Cher,"Eurostat GISCO NUTS 2021 attribute table (NUTS_AT_2021.csv), NAME_LATN"
FRB06,Loiret,"Eurostat GISCO NUTS 2021 attribute table (NUTS_AT_2021.csv), NAME_LATN"
FRC,Bourgogne-Franche-Comté,"Eurostat GISCO NUTS 2021 attribute table (NUTS_AT_2021.csv), NAME_LATN"
FRC1,Bourgogne,"Eurostat GISCO NUTS 2021 attribute table (NUTS_AT_2021.csv), NAME_LATN"
FRC11,Côte-d’Or,"Eurostat GISCO NUTS 2021 attribute table (NUTS_AT_2021.csv), NAME_LATN"
FRC12,Nièvre,"Eurostat GISCO NUTS 2021 attribute table (NUTS_AT_2021.csv), NAME_LATN"
FRC13,Saône-et-Loire,"Eurostat GISCO NUTS 2021 attribute table (NUTS_AT_2021.csv), NAME_LATN"
FRC14,Yonne,"Eurostat GISCO NUTS 2021 attribute table (NUTS_AT_2021.csv), NAME_LATN"
FRC2,Franche-Comté,"Eurostat GISCO NUTS 2021 attribute table (NUTS_AT_2021.csv), NAME_LATN"
FRC21,Doubs,"Eurostat GISCO NUTS 2021 attribute table (NUTS_AT_2021.csv), NAME_LATN"
FRC22,Jura,"Eurostat GISCO NUTS 2021 attribute table (NUTS_AT_2021.csv), NAME_LATN"
FRC23,Haute-Saône,"Eurostat GISCO NUTS 2021 attribute table (NUTS_AT_2021.csv), NAME_LATN"
FRC24,Territoire de Belfort,"Eurostat GISCO NUTS 2021 attribute table (NUTS_AT_2021.csv), NAME_LATN"
FRD,Normandie,"Eurostat GISCO NUTS 2021 attribute table (NUTS_AT_2021.csv), NAME_LATN"
FRD1,Basse-Normandie,"Eurostat GISCO NUTS 2021 attribute table (NUTS_AT_2021.csv), NAME_LATN"
FRD11,Calvados,"Eurostat GISCO NUTS 2021 attribute table (NUTS_AT_2021.csv), NAME_LATN"
FRD12,Manche,"Eurostat GISCO NUTS 2021 attribute table (NUTS_AT_2021.csv), NAME_LATN"
FRD13,Orne,"Eurostat GISCO NUTS 2021 attribute table (NUTS_AT_2021.csv), NAME_LATN"
FRD2,Haute-Normandie,"Eurostat GISCO NUTS 2021 attribute table (NUTS_AT_2021.csv), NAME_LATN"
FRD21,Eure,"Eurostat GISCO NUTS 2021 attribute table (NUTS_AT_2021.csv), NAME_LATN"
FRD22,Seine-Maritime,"Eurostat GISCO NUTS 2021 attribute table (NUTS_AT_2021.csv), NAME_LATN"
FRE,Hauts-de-France,"Eurostat GISCO NUTS 2021 attribute table (NUTS_AT_2021.csv), NAME_LATN"
FRE1,Nord-Pas de Calais,"Eurostat GISCO NUTS 2021 attribute table (NUTS_AT_2021.csv), NAME_LATN"
FRE11,Nord,"Eurostat GISCO NUTS 2021 attribute table (NUTS_AT_2021.csv), NAME_LATN"
FRE12,Pas-de-Calais,"Eurostat GISCO NUTS 2021 attribute table (NUTS_AT_2021.csv), NAME_LATN"
FRE2,Picardie,"Eurostat GISCO NUTS 2021 attribute table (NUTS_AT_2021.csv), NAME_LATN"
FRE21,Aisne,"Eurostat GISCO NUTS 2021 attribute table (NUTS_AT_2021.csv), NAME_LATN"
FRE22,Oise,"Eurostat GISCO NUTS 2021 attribute table (NUTS_AT_2021.csv), NAME_LATN"
FRE23,Somme,"Eurostat GISCO NUTS 2021 attribute table (NUTS_AT_2021.csv), NAME_LATN"
FRF,Grand Est,"Eurostat GISCO NUTS 2021 attribute table (NUTS_AT_2021.csv), NAME_LATN"
FRF1,Alsace,"Eurostat GISCO NUTS 2021 attribute table (NUTS_AT_2021.csv), NAME_LATN"
FRF11,Bas-Rhin,"Eurostat GISCO NUTS 2021 attribute table (NUTS_AT_2021.csv), NAME_LATN"
FRF12,Haut-Rhin,"Eurostat GISCO NUTS 2021 attribute table (NUTS_AT_2021.csv), NAME_LATN"
FRF2,Champagne-Ardenne,"Eurostat GISCO NUTS 2021 attribute table (NUTS_AT_2021.csv), NAME_LATN"
FRF21,Ardennes,"Eurostat GISCO NUTS 2021 attribute table (NUTS_AT_2021.csv), NAME_LATN"
FRF22,Aube,"Eurostat GISCO NUTS 2021 attribute table (NUTS_AT_2021.csv), NAME_LATN"
FRF23,Marne,"Eurostat GISCO NUTS 2021 attribute table (NUTS_AT_2021.csv), NAME_LATN"
FRF24,Haute-Marne,"Eurostat GISCO NUTS 2021 attribute table (NUTS_AT_2021.csv), NAME_LATN"
FRF3,Lorraine,"Eurostat GISCO NUTS 2021 attribute table (NUTS_AT_2021.csv), NAME_LATN"
FRF31,Meurthe-et-Moselle,"Eurostat GISCO NUTS 2021 attribute table (NUTS_AT_2021.csv), NAME_LATN"
FRF32,Meuse,"Eurostat GISCO NUTS 2021 attribute table (NUTS_AT_2021.csv), NAME_LATN"
FRF33,Moselle,"Eurostat GISCO NUTS 2021 attribute table (NUTS_AT_2021.csv), NAME_LATN"
FRF34,Vosges,"Eurostat GISCO NUTS 2021 attribute table (NUTS_AT_2021.csv), NAME_LATN"
FRG,Pays de la Loire,"Eurostat GISCO NUTS 2021 attribute table (NUTS_AT_2021.csv), NAME_LATN"
FRG0,Pays de la Loire,"Eurostat GISCO NUTS 2021 attribute table (NUTS_AT_2021.csv), NAME_LATN"
FRG01,Loire-Atlantique,"Eurostat GISCO NUTS 2021 attribute table (NUTS_AT_2021.csv), NAME_LATN"
FRG02,Maine-et-Loire,"Eurostat GISCO NUTS 2021 attribute table (NUTS_AT_2021.csv), NAME_LATN"
FRG03,Mayenne,"Eurostat GISCO NUTS 2021 attribute table (NUTS_AT_2021.csv), NAME_LATN"
FRG04,Sarthe,"Eurostat GISCO NUTS 2021 attribute table (NUTS_AT_2021.csv), NAME_LATN"
FRG05,Vendée,"Eurostat GISCO NUTS 2021 attribute table (NUTS_AT_2021.csv), NAME_LATN"
FRH,Bretagne,"Eurostat GISCO NUTS 2021 attribute table (NUTS_AT_2021.csv), NAME_LATN"
FRH0,Bretagne,"Eurostat GISCO NUTS 2021 attribute table (NUTS_AT_2021.csv), NAME_LATN"
FRH01,Côtes-d’Armor,"Eurostat GISCO NUTS 2021 attribute table (NUTS_AT_2021.csv), NAME_LATN"
FRH02,Finistère,"Eurostat GISCO NUTS 2021 attribute table (NUTS_AT_2021.csv), NAME_LATN"
FRH03,Ille-et-Vilaine,"Eurostat GISCO NUTS 2021 attribute table (NUTS_AT_2021.csv), NAME_LATN"
FRH04,Morbihan,"Eurostat GISCO NUTS 2021 attribute table (NUTS_AT_2021.csv), NAME_LATN"
FRI,Nouvelle-Aquitaine,"Eurostat GISCO NUTS 2021 attribute table (NUTS_AT_2021.csv), NAME_LATN"
FRI1,Aquitaine,"Eurostat GISCO NUTS 2021 attribute table (NUTS_AT_2021.csv), NAME_LATN"
FRI11,Dordogne,"Eurostat GISCO NUTS 2021 attribute table (NUTS_AT_2021.csv), NAME_LATN"
FRI12,Gironde,"Eurostat GISCO NUTS 2021 attribute table (NUTS_AT_2021.csv), NAME_LATN"
FRI13,Landes,"Eurostat GISCO NUTS 2021 attribute table (NUTS_AT_2021.csv), NAME_LATN"
FRI14,Lot-et-Garonne,"Eurostat GISCO NUTS 2021 attribute table (NUTS_AT_2021.csv), NAME_LATN"
FRI15,Pyrénées-Atlantiques,"Eurostat GISCO NUTS 2021 attribute table (NUTS_AT_2021.csv), NAME_LATN"
FRI2,Limousin,"Eurostat GISCO NUTS 2021 attribute table (NUTS_AT_2021.csv), NAME_LATN"
FRI21,Corrèze,"Eurostat GISCO NUTS 2021 attribute table (NUTS_AT_2021.csv), NAME_LATN"
FRI22,Creuse,"Eurostat GISCO NUTS 2021 attribute table (NUTS_AT_2021.csv), NAME_LATN"
FRI23,Haute-Vienne,"Eurostat GISCO NUTS 2021 attribute table (NUTS_AT_2021.csv), NAME_LATN"
FRI3,Poitou-Charentes,"Eurostat GISCO NUTS 2021 attribute table (NUTS_AT_2021.csv), NAME_LATN"
FRI31,Charente,"Eurostat GISCO NUTS 2021 attribute table (NUTS_AT_2021.csv), NAME_LATN"
FRI32,Charente-Maritime,"Eurostat GISCO NUTS 2021 attribute table (NUTS_AT_2021.csv), NAME_LATN"
FRI33,Deux-Sèvres,"Eurostat GISCO NUTS 2021 attribute table (NUTS_AT_2021.csv), NAME_LATN"
FRI34,Vienne,"Eurostat GISCO NUTS 2021 attribute table (NUTS_AT_2021.csv), NAME_LATN"
FRJ,Occitanie,"Eurostat GISCO NUTS 2021 attribute table (NUTS_AT_2021.csv), NAME_LATN"
FRJ1,Languedoc-Roussillon,"Eurostat GISCO NUTS 2021 attribute table (NUTS_AT_2021.csv), NAME_LATN"
FRJ11,Aude,"Eurostat GISCO NUTS 2021 attribute table (NUTS_AT_2021.csv), NAME_LATN"
FRJ12,Gard,"Eurostat GISCO NUTS 2021 attribute table (NUTS_AT_2021.csv), NAME_LATN"
FRJ13,Hérault,"Eurostat GISCO NUTS 2021 attribute table (NUTS_AT_2021.csv), NAME_LATN"
FRJ14,Lozère,"Eurostat GISCO NUTS 2021 attribute table (NUTS_AT_2021.csv), NAME_LATN"
FRJ15,Pyrénées-Orientales,"Eurostat GISCO NUTS 2021 attribute table (NUTS_AT_2021.csv), NAME_LATN"
FRJ2,Midi-Pyrénées,"Eurostat GISCO NUTS 2021 attribute table (NUTS_AT_2021.csv), NAME_LATN"
FRJ21,Ariège,"Eurostat GISCO NUTS 2021 attribute table (NUTS_AT_2021.csv), NAME_LATN"
FRJ22,Aveyron,"Eurostat GISCO NUTS 2021 attribute table (NUTS_AT_2021.csv), NAME_LATN"
FRJ23,Haute-Garonne,"Eurostat GISCO NUTS 2021 attribute table (NUTS_AT_2021.csv), NAME_LATN"
FRJ24,Gers,"Eurostat GISCO NUTS 2021 attribute table (NUTS_AT_2021.csv), NAME_LATN"
FRJ25,Lot,"Eurostat GISCO NUTS 2021 attribute table (NUTS_AT_2021.csv), NAME_LATN"
FRJ26,Hautes-Pyrénées,"Eurostat GISCO NUTS 2021 attribute table (NUTS_AT_2021.csv), NAME_LATN"
FRJ27,Tarn,"Eurostat GISCO NUTS 2021 attribute table (NUTS_AT_2021.csv), NAME_LATN"
FRJ28,Tarn-et-Garonne,"Eurostat GISCO NUTS 2021 attribute table (NUTS_AT_2021.csv), NAME_LATN"
FRK,Auvergne-Rhône-Alpes,"Eurostat GISCO NUTS 2021 attribute table (NUTS_AT_2021.csv), NAME_LATN"
FRK1,Auvergne,"Eurostat GISCO NUTS 2021 attribute table (NUTS_AT_2021.csv), NAME_LATN"
FRK11,Allier,"Eurostat GISCO NUTS 2021 attribute table (NUTS_AT_2021.csv), NAME_LATN"
FRK12,Cantal,"Eurostat GISCO NUTS 2021 attribute table (NUTS_AT_2021.csv), NAME_LATN"
FRK13,Haute-Loire,"Eurostat GISCO NUTS 2021 attribute table (NUTS_AT_2021.csv), NAME_LATN"
FRK14,Puy-de-Dôme,"Eurostat GISCO NUTS 2021 attribute table (NUTS_AT_2021.csv), NAME_LATN"
FRK2,Rhône-Alpes,"Eurostat GISCO NUTS 2021 attribute table (NUTS_AT_2021.csv), NAME_LATN"
FRK21,Ain,"Eurostat GISCO NUTS 2021 attribute table (NUTS_AT_2021.csv), NAME_LATN"
FRK22,Ardèche,"Eurostat GISCO NUTS 2021 attribute table (NUTS_AT_2021.csv), NAME_LATN"
FRK23,Drôme,"Eurostat GISCO NUTS 2021 attribute table (NUTS_AT_2021.csv), NAME_LATN"
FRK24,Isère,"Eurostat GISCO NUTS 2021 attribute table (NUTS_AT_2021.csv), NAME_LATN"
FRK25,Loire,"Eurostat GISCO NUTS 2021 attribute table (NUTS_AT_2021.csv), NAME_LATN"
FRK26,Rhône,"Eurostat GISCO NUTS 2021 attribute table (NUTS_AT_2021.csv), NAME_LATN"
FRK27,Savoie,"Eurostat GISCO NUTS 2021 attribute table (NUTS_AT_2021.csv), NAME_LATN"
FRK28,Haute-Savoie,"Eurostat GISCO NUTS 2021 attribute table (NUTS_AT_2021.csv), NAME_LATN"
FRL,Provence-Alpes-Côte d’Azur,"Eurostat GISCO NUTS 2021 attribute table (NUTS_AT_2021.csv), NAME_LATN"
FRL0,Provence-Alpes-Côte d’Azur,"Eurostat GISCO NUTS 2021 attribute table (NUTS_AT_2021.csv), NAME_LATN"
FRL01,Alpes-de-Haute-Provence,"Eurostat GISCO NUTS 2021 attribute table (NUTS_AT_2021.csv), NAME_LATN"
FRL02,Hautes-Alpes,"Eurostat GISCO NUTS 2021 attribute table (NUTS_AT_2021.csv), NAME_LATN"
FRL03,Alpes-Maritimes,"Eurostat GISCO NUTS 2021 attribute table (NUTS_AT_2021.csv), NAME_LATN"
FRL04,Bouches-du-Rhône,"Eurostat GISCO NUTS 2021 attribute table (NUTS_AT_2021.csv), NAME_LATN"
FRL05,Var,"Eurostat GISCO NUTS 2021 attribute table (NUTS_AT_2021.csv), NAME_LATN"
FRL06,Vaucluse,"Eurostat GISCO NUTS 2021 attribute table (NUTS_AT_2021.csv), NAME_LATN"
FRM,Corse,"Eurostat GISCO NUTS 2021 attribute table (NUTS_AT_2021.csv), NAME_LATN"
FRM0,Corse,"Eurostat GISCO NUTS 2021 attribute table (NUTS_AT_2021.csv), NAME_LATN"
FRM01,Corse-du-Sud,"Eurostat GISCO NUTS 2021 attribute table (NUTS_AT_2021.csv), NAME_LATN"
FRM02,Haute-Corse,"Eurostat GISCO NUTS 2021 attribute table (NUTS_AT_2021.csv), NAME_LATN"
FRY,RUP FR — Régions Ultrapériphériques Françaises,"Eurostat GISCO NUTS 2021 attribute table (NUTS_AT_2021.csv), NAME_LATN"
FRY1,Guadeloupe,"Eurostat GISCO NUTS 2021 attribute table (NUTS_AT_2021.csv), NAME_LATN"
FRY10,Guadeloupe,"Eurostat GISCO NUTS 2021 attribute table (NUTS_AT_2021.csv), NAME_LATN"
FRY2,Martinique,"Eurostat GISCO NUTS 2021 attribute table (NUTS_AT_2021.csv), NAME_LATN"
FRY20,Martinique,"Eurostat GISCO NUTS 2021 attribute table (NUTS_AT_2021.csv), NAME_LATN"
FRY3,Guyane,"Eurostat GISCO NUTS 2021 attribute table (NUTS_AT_2021.csv), NAME_LATN"
FRY30,Guyane,"Eurostat GISCO NUTS 2021 attribute table (NUTS_AT_2021.csv), NAME_LATN"
FRY4,La Réunion,"Eurostat GISCO NUTS 2021 attribute table (NUTS_AT_2021.csv), NAME_LATN"
FRY40,La Réunion,"Eurostat GISCO NUTS 2021 attribute table (NUTS_AT_2021.csv), NAME_LATN"
FRY5,Mayotte,"Eurostat GISCO NUTS 2021 attribute table (NUTS_AT_2021.csv), NAME_LATN"
FRY50,Mayotte,"Eurostat GISCO NUTS 2021 attribute table (NUTS_AT_2021.csv), NAME_LATN"
IT,Italia,"Eurostat GISCO NUTS 2021 attribute table (NUTS_AT_2021.csv), NAME_LATN"
ITC,Nord-Ovest,"Eurostat GISCO NUTS 2021 attribute table (NUTS_AT_2021.csv), NAME_LATN"
ITC1,Piemonte,"Eurostat GISCO NUTS 2021 attribute table (NUTS_AT_2021.csv), NAME_LATN"
ITC11,Torino,"Eurostat GISCO NUTS 2021 attribute table (NUTS_AT_2021.csv), NAME_LATN"
ITC12,Vercelli,"Eurostat GISCO NUTS 2021 attribute table (NUTS_AT_2021.csv), NAME_LATN"
ITC13,Biella,"Eurostat GISCO NUTS 2021 attribute table (NUTS_AT_2021.csv), NAME_LATN"
ITC14,Verbano-Cusio-Ossola,"Eurostat GISCO NUTS 2021 attribute table (NUTS_AT_2021.csv), NAME_LATN"
ITC15,Novara,"Eurostat GISCO NUTS 2021 attribute table (NUTS_AT_2021.csv), NAME_LATN"
ITC16,Cuneo,"Eurostat GISCO NUTS 2021 attribute table (NUTS_AT_2021.csv), NAME_LATN"
ITC17,Asti,"Eurostat GISCO NUTS 2021 attribute table (NUTS_AT_2021.csv), NAME_LATN"
ITC18,Alessandria,"Eurostat GISCO NUTS 2021 attribute table (NUTS_AT_2021.csv), NAME_LATN"
ITC2,Valle d’Aosta/Vallée d’Aoste,"Eurostat GISCO NUTS 2021 attribute table (NUTS_AT_2021.csv), NAME_LATN"
ITC20,Valle d’Aosta/Vallée d’Aoste,"Eurostat GISCO NUTS 2021 attribute table (NUTS_AT_2021.csv), NAME_LATN"
ITC3,Liguria,"Eurostat GISCO NUTS 2021 attribute table (NUTS_AT_2021.csv), NAME_LATN"
ITC31,Imperia,"Eurostat GISCO NUTS 2021 attribute table (NUTS_AT_2021.csv), NAME_LATN"
ITC32,Savona,"Eurostat GISCO NUTS 2021 attribute table (NUTS_AT_2021.csv), NAME_LATN"
ITC33,Genova,"Eurostat GISCO NUTS 2021 attribute table (NUTS_AT_2021.csv), NAME_LATN"
ITC34,La Spezia,"Eurostat GISCO NUTS 2021 attribute table (NUTS_AT_2021.csv), NAME_LATN"
ITC4,Lombardia,"Eurostat GISCO NUTS 2021 attribute table (NUTS_AT_2021.csv), NAME_LATN"
ITC41,Varese,"Eurostat GISCO NUTS 2021 attribute table (NUTS_AT_2021.csv), NAME_LATN"
ITC42,Como,"Eurostat GISCO NUTS 2021 attribute table (NUTS_AT_2021.csv), NAME_LATN"
ITC43,Lecco,"Eurostat GISCO NUTS 2021 attribute table (NUTS_AT_2021.csv), NAME_LATN"
ITC44,Sondrio,"Eurostat GISCO NUTS 2021 attribute table (NUTS_AT_2021.csv), NAME_LATN"
ITC46,Bergamo,"Eurostat GISCO NUTS 2021 attribute table (NUTS_AT_2021.csv), NAME_LATN"
ITC47,Brescia,"Eurostat GISCO NUTS 2021 attribute table (NUTS_AT_2021.csv), NAME_LATN"
ITC48,Pavia,"Eurostat GISCO NUTS 2021 attribute table (NUTS_AT_2021.csv), NAME_LATN"
ITC49,Lodi,"Eurostat GISCO NUTS 2021 attribute table (NUTS_AT_2021.csv), NAME_LATN"
ITC4A,Cremona,"Eurostat GISCO NUTS 2021 attribute table (NUTS_AT_2021.csv), NAME_LATN"
ITC4B,Mantova,"Eurostat GISCO NUTS 2021 attribute table (NUTS_AT_2021.csv), NAME_LATN"
ITC4C,Milano,"Eurostat GISCO NUTS 2021 attribute table (NUTS_AT_2021.csv), NAME_LATN"
ITC4D,Monza e della Brianza,"Eurostat GISCO NUTS 2021 attribute table (NUTS_AT_2021.csv), NAME_LATN"
ITF,Sud,"Eurostat GISCO NUTS 2021 attribute table (NUTS_AT_2021.csv), NAME_LATN"
ITF1,Abruzzo,"Eurostat GISCO NUTS 2021 attribute table (NUTS_AT_2021.csv), NAME_LATN"
ITF11,L’Aquila,"Eurostat GISCO NUTS 2021 attribute table (NUTS_AT_2021.csv), NAME_LATN"
ITF12,Teramo,"Eurostat GISCO NUTS 2021 attribute table (NUTS_AT_2021.csv), NAME_LATN"
ITF13,Pescara,"Eurostat GISCO NUTS 2021 attribute table (NUTS_AT_2021.csv), NAME_LATN"
ITF14,Chieti,"Eurostat GISCO NUTS 2021 attribute table (NUTS_AT_2021.csv), NAME_LATN"
ITF2,Molise,"Eurostat GISCO NUTS 2021 attribute table (NUTS_AT_2021.csv), NAME_LATN"
ITF21,Isernia,"Eurostat GISCO NUTS 2021 attribute table (NUTS_AT_2021.csv), NAME_LATN"
ITF22,Campobasso,"Eurostat GISCO NUTS 2021 attribute table (NUTS_AT_2021.csv), NAME_LATN"
ITF3,Campania,"Eurostat GISCO NUTS 2021 attribute table (NUTS_AT_2021.csv), NAME_LATN"
ITF31,Caserta,"Eurostat GISCO NUTS 2021 attribute table (NUTS_AT_2021.csv), NAME_LATN"
ITF32,Benevento,"Eurostat GISCO NUTS 2021 attribute table (NUTS_AT_2021.csv), NAME_LATN"
ITF33,Napoli,"Eurostat GISCO NUTS 2021 attribute table (NUTS_AT_2021.csv), NAME_LATN"
ITF34,Avellino,"Eurostat GISCO NUTS 2021 attribute table (NUTS_AT_2021.csv), NAME_LATN"
ITF35,Salerno,"Eurostat GISCO NUTS 2021 attribute table (NUTS_AT_2021.csv), NAME_LATN"
ITF4,Puglia,"Eurostat GISCO NUTS 2021 attribute table (NUTS_AT_2021.csv), NAME_LATN"
ITF43,Taranto,"Eurostat GISCO NUTS 2021 attribute table (NUTS_AT_2021.csv), NAME_LATN"
ITF44,Brindisi,"Eurostat GISCO NUTS 2021 attribute table (NUTS_AT_2021.csv), NAME_LATN"
ITF45,Lecce,"Eurostat GISCO NUTS 2021 attribute table (NUTS_AT_2021.csv), NAME_LATN"
ITF46,Foggia,"Eurostat GISCO NUTS 2021 attribute table (NUTS_AT_2021.csv), NAME_LATN"
ITF47,Bari,"Eurostat GISCO NUTS 2021 attribute table (NUTS_AT_2021.csv), NAME_LATN"
ITF48,Barletta-Andria-Trani,"Eurostat GISCO NUTS 2021 attribute table (NUTS_AT_2021.csv), NAME_LATN"
ITF5,Basilicata,"Eurostat GISCO NUTS 2021 attribute table (NUTS_AT_2021.csv), NAME_LATN"
ITF51,Potenza,"Eurostat GISCO NUTS 2021 attribute table (NUTS_AT_2021.csv), NAME_LATN"
ITF52,Matera,"Eurostat GISCO NUTS 2021 attribute table (NUTS_AT_2021.csv), NAME_LATN"
ITF6,Calabria,"Eurostat GISCO NUTS 2021 attribute table (NUTS_AT_2021.csv), NAME_LATN"
ITF61,Cosenza,"Eurostat GISCO NUTS 2021 attribute table (NUTS_AT_2021.csv), NAME_LATN"
ITF62,Crotone,"Eurostat GISCO NUTS 2021 attribute table (NUTS_AT_2021.csv), NAME_LATN"
ITF63,Catanzaro,"Eurostat GISCO NUTS 2021 attribute table (NUTS_AT_2021.csv), NAME_LATN"
ITF64,Vibo Valentia,"Eurostat GISCO NUTS 2021 attribute table (NUTS_AT_2021.csv), NAME_LATN"
ITF65,Reggio di Calabria,"Eurostat GISCO NUTS 2021 attribute table (NUTS_AT_2021.csv), NAME_LATN"
ITG,Isole,"Eurostat GISCO NUTS 2021 attribute table (NUTS_AT_2021.csv), NAME_LATN"
ITG1,Sicilia,"Eurostat GISCO NUTS 2021 attribute table (NUTS_AT_2021.csv), NAME_LATN"
ITG11,Trapani,"Eurostat GISCO NUTS 2021 attribute table (NUTS_AT_2021.csv), NAME_LATN"
ITG12,Palermo,"Eurostat GISCO NUTS 2021 attribute table (NUTS_AT_2021.csv), NAME_LATN"
ITG13,Messina,"Eurostat GISCO NUTS 2021 attribute table (NUTS_AT_2021.csv), NAME_LATN"
ITG14,Agrigento,"Eurostat GISCO NUTS 2021 attribute table (NUTS_AT_2021.csv), NAME_LATN"
ITG15,Caltanissetta,"Eurostat GISCO NUTS 2021 attribute table (NUTS_AT_2021.csv), NAME_LATN"
ITG16,Enna,"Eurostat GISCO NUTS 2021 attribute table (NUTS_AT_2021.csv), NAME_LATN"
ITG17,Catania,"Eurostat GISCO NUTS 2021 attribute table (NUTS_AT_2021.csv), NAME_LATN"
ITG18,Ragusa,"Eurostat GISCO NUTS 2021 attribute table (NUTS_AT_2021.csv), NAME_LATN"
ITG19,Siracusa,"Eurostat GISCO NUTS 2021 attribute table (NUTS_AT_2021.csv), NAME_LATN"
ITG2,Sardegna,"Eurostat GISCO NUTS 2021 attribute table (NUTS_AT_2021.csv), NAME_LATN"
ITG2D,Sassari,"Eurostat GISCO NUTS 2021 attribute table (NUTS_AT_2021.csv), NAME_LATN"
ITG2E,Nuoro,"Eurostat GISCO NUTS 2021 attribute table (NUTS_AT_2021.csv), NAME_LATN"
ITG2F,Cagliari,"Eurostat GISCO NUTS 2021 attribute table (NUTS_AT_2021.csv), NAME_LATN"
ITG2G,Oristano,"Eurostat GISCO NUTS 2021 attribute table (NUTS_AT_2021.csv), NAME_LATN"
ITG2H,Sud Sardegna,"Eurostat GISCO NUTS 2021 attribute table (NUTS_AT_2021.csv), NAME_LATN"
ITH,Nord-Est,"Eurostat GISCO NUTS 2021 attribute table (NUTS_AT_2021.csv), NAME_LATN"
ITH1,Provincia Autonoma di Bolzano/Bozen,"Eurostat GISCO NUTS 2021 attribute table (NUTS_AT_2021.csv), NAME_LATN"
ITH10,Bolzano-Bozen,"Eurostat GISCO NUTS 2021 attribute table (NUTS_AT_2021.csv), NAME_LATN"
ITH2,Provincia Autonoma di Trento,"Eurostat GISCO NUTS 2021 attribute table (NUTS_AT_2021.csv), NAME_LATN"
ITH20,Trento,"Eurostat GISCO NUTS 2021 attribute table (NUTS_AT_2021.csv), NAME_LATN"
ITH3,Veneto,"Eurostat GISCO NUTS 2021 attribute table (NUTS_AT_2021.csv), NAME_LATN"
ITH31,Verona,"Eurostat GISCO NUTS 2021 attribute table (NUTS_AT_2021.csv), NAME_LATN"
ITH32,Vicenza,"Eurostat GISCO NUTS 2021 attribute table (NUTS_AT_2021.csv), NAME_LATN"
ITH33,Belluno,"Eurostat GISCO NUTS 2021 attribute table (NUTS_AT_2021.csv), NAME_LATN"
ITH34,Treviso,"Eurostat GISCO NUTS 2021 attribute table (NUTS_AT_2021.csv), NAME_LATN"
ITH35,Venezia,"Eurostat GISCO NUTS 2021 attribute table (NUTS_AT_2021.csv), NAME_LATN"
ITH36,Padova,"Eurostat GISCO NUTS 2021 attribute table (NUTS_AT_2021.csv), NAME_LATN"
ITH37,Rovigo,"Eurostat GISCO NUTS 2021 attribute table (NUTS_AT_2021.csv), NAME_LATN"
ITH4,Friuli-Venezia Giulia,"Eurostat GISCO NUTS 2021 attribute table (NUTS_AT_2021.csv), NAME_LATN"
ITH41,Pordenone,"Eurostat GISCO NUTS 2021 attribute table (NUTS_AT_2021.csv), NAME_LATN"
ITH42,Udine,"Eurostat GISCO NUTS 2021 attribute table (NUTS_AT_2021.csv), NAME_LATN"
ITH43,Gorizia,"Eurostat GISCO NUTS 2021 attribute table (NUTS_AT_2021.csv), NAME_LATN"
ITH44,Trieste,"Eurostat GISCO NUTS 2021 attribute table (NUTS_AT_2021.csv), NAME_LATN"
ITH5,Emilia-Romagna,"Eurostat GISCO NUTS 2021 attribute table (NUTS_AT_2021.csv), NAME_LATN"
ITH51,Piacenza,"Eurostat GISCO NUTS 2021 attribute table (NUTS_AT_2021.csv), NAME_LATN"
ITH52,Parma,"Eurostat GISCO NUTS 2021 attribute table (NUTS_AT_2021.csv), NAME_LATN"
ITH53,Reggio nell’Emilia,"Eurostat GISCO NUTS 2021 attribute table (NUTS_AT_2021.csv), NAME_LATN"
ITH54,Modena,"Eurostat GISCO NUTS 2021 attribute table (NUTS_AT_2021.csv), NAME_LATN"
ITH55,Bologna,"Eurostat GISCO NUTS 2021 attribute table (NUTS_AT_2021.csv), NAME_LATN"
ITH56,Ferrara,"Eurostat GISCO NUTS 2021 attribute table (NUTS_AT_2021.csv), NAME_LATN"
ITH57,Ravenna,"Eurostat GISCO NUTS 2021 attribute table (NUTS_AT_2021.csv), NAME_LATN"
ITH58,Forlì-Cesena,"Eurostat GISCO NUTS 2021 attribute table (NUTS_AT_2021.csv), NAME_LATN"
ITH59,Rimini,"Eurostat GISCO NUTS 2021 attribute table (NUTS_AT_2021.csv), NAME_LATN"
ITI,Centro (IT),"Eurostat GISCO NUTS 2021 attribute table (NUTS_AT_2021.csv), NAME_LATN"
ITI1,Toscana,"Eurostat GISCO NUTS 2021 attribute table (NUTS_AT_2021.csv), NAME_LATN"
ITI11,Massa-Carrara,"Eurostat GISCO NUTS 2021 attribute table (NUTS_AT_2021.csv), NAME_LATN"
ITI12,Lucca,"Eurostat GISCO NUTS 2021 attribute table (NUTS_AT_2021.csv), NAME_LATN"
ITI13,Pistoia,"Eurostat GISCO NUTS 2021 attribute table (NUTS_AT_2021.csv), NAME_LATN"
ITI14,Firenze,"Eurostat GISCO NUTS 2021 attribute table (NUTS_AT_2021.csv), NAME_LATN"
ITI15,Prato,"Eurostat GISCO NUTS 2021 attribute table (NUTS_AT_2021.csv), NAME_LATN"
ITI16,Livorno,"Eurostat GISCO NUTS 2021 attribute table (NUTS_AT_2021.csv), NAME_LATN"
ITI17,Pisa,"Eurostat GISCO NUTS 2021 attribute table (NUTS_AT_2021.csv), NAME_LATN"
ITI18,Arezzo,"Eurostat GISCO NUTS 2021 attribute table (NUTS_AT_2021.csv), NAME_LATN"
ITI19,Siena,"Eurostat GISCO NUTS 2021 attribute table (NUTS_AT_2021.csv), NAME_LATN"
ITI1A,Grosseto,"Eurostat GISCO NUTS 2021 attribute table (NUTS_AT_2021.csv), NAME_LATN"
ITI2,Umbria,"Eurostat GISCO NUTS 2021 attribute table (NUTS_AT_2021.csv), NAME_LATN"
ITI21,Perugia,"Eurostat GISCO NUTS 2021 attribute table (NUTS_AT_2021.csv), NAME_LATN"
ITI22,Terni,"Eurostat GISCO NUTS 2021 attribute table (NUTS_AT_2021.csv), NAME_LATN"
ITI3,Marche,"Eurostat GISCO NUTS 2021 attribute table (NUTS_AT_2021.csv), NAME_LATN"
ITI31,Pesaro e Urbino,"Eurostat GISCO NUTS 2021 attribute table (NUTS_AT_2021.csv), NAME_LATN"
ITI32,Ancona,"Eurostat GISCO NUTS 2021 attribute table (NUTS_AT_2021.csv), NAME_LATN"
ITI33,Macerata,"Eurostat GISCO NUTS 2021 attribute table (NUTS_AT_2021.csv), NAME_LATN"
ITI34,Ascoli Piceno,"Eurostat GISCO NUTS 2021 attribute table (NUTS_AT_2021.csv), NAME_LATN"
ITI35,Fermo,"Eurostat GISCO NUTS 2021 attribute table (NUTS_AT_2021.csv), NAME_LATN"
ITI4,Lazio,"Eurostat GISCO NUTS 2021 attribute table (NUTS_AT_2021.csv), NAME_LATN"
ITI41,Viterbo,"Eurostat GISCO NUTS 2021 attribute table (NUTS_AT_2021.csv), NAME_LATN"
ITI42,Rieti,"Eurostat GISCO NUTS 2021 attribute table (NUTS_AT_2021.csv), NAME_LATN"
ITI43,Roma,"Eurostat GISCO NUTS 2021 attribute table (NUTS_AT_2021.csv), NAME_LATN"
ITI44,Latina,"Eurostat GISCO NUTS 2021 attribute table (NUTS_AT_2021.csv), NAME_LATN"
ITI45,Frosinone,"Eurostat GISCO NUTS 2021 attribute table (NUTS_AT_2021.csv), NAME_LATN"
PT,Portugal,"Eurostat GISCO NUTS 2021 attribute table (NUTS_AT_2021.csv), NAME_LATN"
PT1,Continente,"Eurostat GISCO NUTS 2021 attribute table (NUTS_AT_2021.csv), NAME_LATN"
PT11,Norte,"Eurostat GISCO NUTS 2021 attribute table (NUTS_AT_2021.csv), NAME_LATN"
PT111,Alto Minho,"Eurostat GISCO NUTS 2021 attribute table (NUTS_AT_2021.csv), NAME_LATN"
PT112,Cávado,"Eurostat GISCO NUTS 2021 attribute table (NUTS_AT_2021.csv), NAME_LATN"
PT119,Ave,"Eurostat GISCO NUTS 2021 attribute table (NUTS_AT_2021.csv), NAME_LATN"
PT11A,Área Metropolitana do Porto,"Eurostat GISCO NUTS 2021 attribute table (NUTS_AT_2021.csv), NAME_LATN"
PT11B,Alto Tâmega,"Eurostat GISCO NUTS 2021 attribute table (NUTS_AT_2021.csv), NAME_LATN"
PT11C,Tâmega e Sousa,"Eurostat GISCO NUTS 2021 attribute table (NUTS_AT_2021.csv), NAME_LATN"
PT11D,Douro,"Eurostat GISCO NUTS 2021 attribute table (NUTS_AT_2021.csv), NAME_LATN"
PT11E,Terras de Trás-os-Montes,"Eurostat GISCO NUTS 2021 attribute table (NUTS_AT_2021.csv), NAME_LATN"
PT15,Algarve,"Eurostat GISCO NUTS 2021 attribute table (NUTS_AT_2021.csv), NAME_LATN"
PT150,Algarve,"Eurostat GISCO NUTS 2021 attribute table (NUTS_AT_2021.csv), NAME_LATN"
PT16,Centro (PT),"Eurostat GISCO NUTS 2021 attribute table (NUTS_AT_2021.csv), NAME_LATN"
PT16B,Oeste,"Eurostat GISCO NUTS 2021 attribute table (NUTS_AT_2021.csv), NAME_LATN"
PT16D,Região de Aveiro,"Eurostat GISCO NUTS 2021 attribute table (NUTS_AT_2021.csv), NAME_LATN"
PT16E,Região de Coimbra,"Eurostat GISCO NUTS 2021 attribute table (NUTS_AT_2021.csv), NAME_LATN"
PT16F,Região de Leiria,"Eurostat GISCO NUTS 2021 attribute table (NUTS_AT_2021.csv), NAME_LATN"
PT16G,Viseu Dão Lafões,"Eurostat GISCO NUTS 2021 attribute table (NUTS_AT_2021.csv), NAME_LATN"
PT16H,Beira Baixa,"Eurostat GISCO NUTS 2021 attribute table (NUTS_AT_2021.csv), NAME_LATN"
PT16I,Médio Tejo,"Eurostat GISCO NUTS 2021 attribute table (NUTS_AT_2021.csv), NAME_LATN"
PT16J,Beiras e Serra da Estrela,"Eurostat GISCO NUTS 2021 attribute table (NUTS_AT_2021.csv), NAME_LATN"
PT17,Área Metropolitana de Lisboa,"Eurostat GISCO NUTS 2021 attribute table (NUTS_AT_2021.csv), NAME_LATN"
PT170,Área Metropolitana de Lisboa,"Eurostat GISCO NUTS 2021 attribute table (NUTS_AT_2021.csv), NAME_LATN"
PT18,Alentejo,"Eurostat GISCO NUTS 2021 attribute table (NUTS_AT_2021.csv), NAME_LATN"
PT181,Alentejo Litoral,"Eurostat GISCO NUTS 2021 attribute table (NUTS_AT_2021.csv), NAME_LATN"
PT184,Baixo Alentejo,"Eurostat GISCO NUTS 2021 attribute table (NUTS_AT_2021.csv), NAME_LATN"
PT185,Lezíria do Tejo,"Eurostat GISCO NUTS 2021 attribute table (NUTS_AT_2021.csv), NAME_LATN"
PT186,Alto Alentejo,"Eurostat GISCO NUTS 2021 attribute table (NUTS_AT_2021.csv), NAME_LATN"
PT187,Alentejo Central,"Eurostat GISCO NUTS 2021 attribute table (NUTS_AT_2021.csv), NAME_LATN"
PT2,Região Autónoma dos Açores,"Eurostat GISCO NUTS 2021 attribute table (NUTS_AT_2021.csv), NAME_LATN"
PT20,Região Autónoma dos Açores,"Eurostat GISCO NUTS 2021 attribute table (NUTS_AT_2021.csv), NAME_LATN"
PT200,Região Autónoma dos Açores,"Eurostat GISCO NUTS 2021 attribute table (NUTS_AT_2021.csv), NAME_LATN"
PT3,Região Autónoma da Madeira,"Eurostat GISCO NUTS 2021 attribute table (NUTS_AT_2021.csv), NAME_LATN"
PT30,Região Autónoma da Madeira,"Eurostat GISCO NUTS 2021 attribute table (NUTS_AT_2021.csv), NAME_LATN"
PT300,Região Autónoma da Madeira,"Eurostat GISCO NUTS 2021 attribute table (NUTS_AT_2021.csv), NAME_LATN"
PTAV,Aveiro,"derived: unique initial-subsequence match against the 18 mainland districts (Wikipedia, Districts of Portugal); NOT an official code list"
PTBJ,Beja,"derived: unique initial-subsequence match against the 18 mainland districts (Wikipedia, Districts of Portugal); NOT an official code list"
PTEV,Évora,"derived: unique initial-subsequence match against the 18 mainland districts (Wikipedia, Districts of Portugal); NOT an official code list"
PTFA,Faro,"derived: unique initial-subsequence match against the 18 mainland districts (Wikipedia, Districts of Portugal); NOT an official code list"
PTGU,Guarda,"derived: unique initial-subsequence match against the 18 mainland districts (Wikipedia, Districts of Portugal); NOT an official code list"
PTLE,Leiria,"derived: unique initial-subsequence match against the 18 mainland districts (Wikipedia, Districts of Portugal); NOT an official code list"
PTPG,Portalegre,"derived: unique initial-subsequence match against the 18 mainland districts (Wikipedia, Districts of Portugal); NOT an official code list"
PTVC,Viana do Castelo,"derived: unique initial-subsequence match against the 18 mainland districts (Wikipedia, Districts of Portugal); NOT an official code list"
PTVR,Vila Real,"derived: unique initial-subsequence match against the 18 mainland districts (Wikipedia, Districts of Portugal); NOT an official code list"
