polity_code,polity_name,source_used,match_name,has_geometry
CPV-1800-2025,Cabo Verde,CShapes 2.0 (1886-1975),Cape Verde,True
GMB-1800-2025,Gambia,CShapes 2.0 (1889-1965),Gambia,True
MUS-1800-2025,Mauritius,CShapes 2.0 (1886-1968),Mauritius,True
STP-1800-2025,Sao Tome and Principe,CShapes 2.0 (1975-2019),Sao Tome and Principe,True
SLE-1800-2025,Sierra Leone,CShapes 2.0 (1895-1961),Sierra Leone,True
AGO-1816-2025,Angola,CShapes 2.0 (1905-1975),Angola,True
MOZ-1816-2025,Mozambique,CShapes 2.0 (1891-1975),Mozambique,True
ZAF-1828-2025,South Africa,CShapes 2.0 (1920-2019),South Africa,True
DZA-1831-2025,Algeria,CShapes 2.0 (1919-1962),Algeria,True
LBR-1847-2025,Liberia,CShapes 2.0 (1920-2019),Liberia,True
GNB-1879-2025,Guinea-Bissau,CShapes 2.0 (1942-1974),Guinea-Bissau,True
TUN-1881-2025,Tunisia,CShapes 2.0 (1886-1955),Tunisia,True
ERI-1882-2025,Eritrea,CShapes 2.0 (1941-1952),Eritrea,True
MDG-1882-2025,Madagascar,CShapes 2.0 (1946-1960),Madagascar (Malagasy),True
NAM-1884-2025,Namibia,CShapes 2.0 (1920-1966),Namibia,True
ZWE-1890-2025,Zimbabwe,CShapes 2.0 (1965-2019),Zimbabwe (Rhodesia),True
SWZ-1894-2025,Eswatini,CShapes 2.0 (1902-1968),Swaziland (Eswatini),True
SYC-1903-2025,Seychelles,CShapes 2.0 (1976-2019),Seychelles,True
LBY-1951-2025,Libya,CShapes 2.0 (1951-2019),Libya,True
GHA-1957-2025,Ghana,CShapes 2.0 (1957-2019),Ghana,True
GIN-1958-2025,Guinea,CShapes 2.0 (1958-2019),Guinea,True
BEN-1960-2025,Benin,CShapes 2.0 (1960-2019),Benin,True
BFA-1960-2025,Burkina Faso,CShapes 2.0 (1960-2019),Burkina Faso (Upper Volta),True
CAF-1960-2025,Central African Republic,CShapes 2.0 (1960-2019),Central African Republic,True
TCD-1960-2025,Chad,CShapes 2.0 (1960-2019),Chad,True
COG-1960-2025,Congo,CShapes 2.0 (1960-2019),Congo,True
CIV-1960-2025,Côte d'Ivoire,CShapes 2.0 (1983-2019),Cote D'Ivoire,True
COD-1960-2025,Democratic Republic of the Congo,CShapes 2.0 (1960-2019),"Congo, Democratic Republic of (Zaire)",True
GAB-1960-2025,Gabon,CShapes 2.0 (1960-2019),Gabon,True
MLI-1960-2025,Mali,CShapes 2.0 (1960-2019),Mali,True
NER-1960-2025,Niger,CShapes 2.0 (1960-2019),Niger,True
SEN-1960-2025,Senegal,CShapes 2.0 (1960-2019),Senegal,True
SOM-1960-2025,Somalia,CShapes 2.0 (1960-2019),Somalia,True
TGO-1960-2025,Togo,CShapes 2.0 (1960-2019),Togo,True
CMR-1961-2025,Cameroon,CShapes 2.0 (1961-2019),Cameroon,True
NGA-1961-2025,Nigeria,CShapes 2.0 (1961-2019),Nigeria,True
BDI-1962-2025,Burundi,CShapes 2.0 (1962-2019),Burundi,True
RWA-1962-2025,Rwanda,CShapes 2.0 (1962-2019),Rwanda,True
UGA-1962-2025,Uganda,CShapes 2.0 (1962-2019),Uganda,True
KEN-1963-2025,Kenya,CShapes 2.0 (1963-2019),Kenya,True
MWI-1964-2025,Malawi,CShapes 2.0 (1964-2019),Malawi,True
TZA-1964-2025,Tanzania,CShapes 2.0 (1964-2019),Tanzania (Tanganyika),True
ZMB-1964-2025,Zambia,CShapes 2.0 (1964-2019),Zambia,True
BWA-1966-2025,Botswana,CShapes 2.0 (1966-2019),Botswana,True
LSO-1966-2025,Lesotho,CShapes 2.0 (1966-2019),Lesotho,True
GNQ-1968-2025,Equatorial Guinea,CShapes 2.0 (1968-2019),Equatorial Guinea,True
COM-1975-2025,Comoros,CShapes 2.0 (1975-2019),Comoros,True
DJI-1977-2025,Djibouti,CShapes 2.0 (1977-2019),Djibouti,True
EGY-1979-2025,Egypt,CShapes 2.0 (1979-2019),Egypt,True
MRT-1979-2025,Mauritania,CShapes 2.0 (1979-2019),Mauritania,True
MAR-1979-2025,Morocco,CShapes 2.0 (1979-2019),Morocco,True
ETH-1993-2025,Ethiopia,CShapes 2.0 (1993-2019),Ethiopia,True
SSD-2011-2025,South Sudan,CShapes 2.0 (2011-2019),South Sudan,True
SDN-2011-2025,Sudan,CShapes 2.0 (2011-2019),Sudan,True
ALG-1800-1902,Algeria (to 1902),CShapes 2.0 (1886-1901),Algeria,True
ANG-1800-1890,Angola (to 1890),CShapes 2.0 (1886-1890),Angola,True
BOT-1800-1890,Botswana (to 1890),CShapes 2.0 (1886-1890),Botswana,True
CON-1800-1898,Congo (to 1898),CShapes 2.0 (1886-1898),Congo,True
CON-1800-1891,Democratic Republic of the Congo (to 1891),CShapes 2.0 (1886-1891),"Congo, Democratic Republic of (Zaire)",True
EGY-1800-1899,Egypt (to 1899),CShapes 2.0 (1886-1899),Egypt,True
EGY-1800-1922,Egypt (to 1922),CShapes 2.0 (1886-1899),Egypt,True
ERI-1800-1889,Eritrea (to 1889),CShapes 2.0 (1886-1889),Eritrea,True
ETH-1800-1889,Ethiopia (to 1889),CShapes 2.0 (1898-1902),Ethiopia,True
GAB-1800-1912,Gabon (to 1912),CShapes 2.0 (1886-1903),Gabon,True
GHA-1800-1888,Ghana (to 1888),CShapes 2.0 (1886-1888),Ghana,True
LAG-1800-1906,Lagos (to 1906),CShapes 2.0 (1886-1906),Lagos,True
MAD-1800-1912,Madagascar (to 1912),CShapes 2.0 (1886-1896),Madagascar (Malagasy),True
MOR-1800-1904,Morocco (to 1904),CShapes 2.0 (1886-1902),Morocco,True
MOZ-1800-1891,Mozambique (to 1891),CShapes 2.0 (1886-1891),Mozambique,True
SIE-1800-1889,Sierra Leone (to 1889),CShapes 2.0 (1886-1889),Sierra Leone,True
ZAN-1800-1964,Zanzibar,CShapes 2.0 (1895-1963),Zanzibar,True
ORA-1848-1910,Orange Free State (to 1910),CShapes 2.0 (1900-1910),Orange Free State,True
GHA-1888-1898,Ghana (1888-1898),CShapes 2.0 (1888-1898),Ghana,True
KEN-1888-1891,Kenya (1888-1891),CShapes 2.0 (1888-1891),Kenya,True
COT-1889-1932,Côte d'Ivoire (1889-1932),CShapes 2.0 (1902-1932),Cote D'Ivoire,True
ETH-1889-1897,Ethiopia (1889-1897),CShapes 2.0 (1898-1902),Ethiopia,True
ZIM-1889-1891,Zimbabwe (1889-1891),CShapes 2.0 (1889-1891),Zimbabwe (Rhodesia),True
ANG-1890-1891,Angola (1890-1891),CShapes 2.0 (1890-1891),Angola,True
BOT-1890-1895,Botswana (1890-1895),CShapes 2.0 (1890-1895),Botswana,True
ZAN-1890-1964,Zanzibar (1890-1964),CShapes 2.0 (1895-1963),Zanzibar,True
ANG-1891-1905,Angola (1891-1905),CShapes 2.0 (1891-1905),Angola,True
CON-1891-1894,Democratic Republic of the Congo (1891-1894),CShapes 2.0 (1891-1894),"Congo, Democratic Republic of (Zaire)",True
KEN-1891-1894,Kenya (1891-1894),CShapes 2.0 (1891-1894),Kenya,True
ZIM-1891-1900,Zimbabwe (1891-1900),CShapes 2.0 (1891-1900),Zimbabwe (Rhodesia),True
CON-1894-1910,Democratic Republic of the Congo (1894-1910),CShapes 2.0 (1894-1908),"Congo, Democratic Republic of (Zaire)",True
KEN-1894-1902,Kenya (1894-1902),CShapes 2.0 (1894-1902),Kenya,True
UGA-1894-1902,Uganda (1894-1902),CShapes 2.0 (1894-1902),Uganda,True
BEN-1895-1898,Benin (1895-1898),CShapes 2.0 (1895-1897),Benin,True
ETH-1897-1902,Ethiopia (1897-1902),CShapes 2.0 (1898-1902),Ethiopia,True
CON-1898-1900,Congo (1898-1900),CShapes 2.0 (1898-1900),Congo,True
GHA-1898-1956,Ghana (1898-1956),CShapes 2.0 (1898-1956),Ghana,True
EGY-1899-1925,Egypt (1899-1925),CShapes 2.0 (1899-1914),Egypt,True
NOR-1899-1904,Northern Nigeria (1899-1904),CShapes 2.0 (1899-1902),Northern Nigeria,True
SOU-1899-1906,Southern Nigeria (1899-1906),CShapes 2.0 (1899-1906),Southern Nigeria,True
SUD-1899-1902,Sudan (1899-1902),CShapes 2.0 (1899-1902),Sudan,True
CHA-1900-1912,Chad (1900-1912),CShapes 2.0 (1900-1912),Chad,True
CON-1900-1906,Congo (1900-1906),CShapes 2.0 (1900-1906),Congo,True
NOR-1900-1911,Northeastern Rhodesia (1900-1911),CShapes 2.0 (1900-1911),Northeastern Rhodesia,True
NOR-1900-1905,Northwestern Rhodesia (1900-1905),CShapes 2.0 (1900-1905),Northwestern Rhodesia,True
ALG-1902-1919,Algeria (1902-1919),CShapes 2.0 (1902-1919),Algeria,True
ETH-1902-1907,Ethiopia (1902-1907),CShapes 2.0 (1902-1907),Ethiopia,True
KEN-1902-1906,Kenya (1902-1906),CShapes 2.0 (1902-1906),Kenya,True
SUD-1902-1910,Sudan (1902-1910),CShapes 2.0 (1902-1910),Sudan,True
UGA-1902-1910,Uganda (1902-1910),CShapes 2.0 (1902-1910),Uganda,True
MAU-1904-1912,Mauritania (1904-1912),CShapes 2.0 (1904-1912),Mauritania,True
MOR-1904-1956,Morocco (1904-1956),CShapes 2.0 (1912-1956),Morocco,True
NOR-1904-1913,Northern Nigeria (1904-1913),CShapes 2.0 (1904-1913),Northern Nigeria,True
MAL-1905-1919,Mali (1905-1919),CShapes 2.0 (1905-1913),Mali,True
NIG-1905-1932,Niger (1905-1932),CShapes 2.0 (1905-1926),Niger,True
NOR-1905-1911,Northwestern Rhodesia (1905-1911),CShapes 2.0 (1905-1911),Northwestern Rhodesia,True
CEN-1906-1912,Central African Republic (1906-1912),CShapes 2.0 (1906-1912),Central African Republic,True
CON-1906-1912,Congo (1906-1912),CShapes 2.0 (1906-1912),Congo,True
SOU-1906-1913,Southern Nigeria (1906-1913),CShapes 2.0 (1906-1913),Southern Nigeria,True
ETH-1907-1952,Ethiopia (1907-1952),CShapes 2.0 (1907-1936),Ethiopia,True
KEN-1907-1924,Kenya (1907-1924),CShapes 2.0 (1914-1920),Kenya,True
SUD-1910-1934,Sudan (1910-1934),CShapes 2.0 (1914-1934),Sudan,True
UGA-1910-1926,Uganda (1910-1926),CShapes 2.0 (1914-1926),Uganda,True
MAR-1911-1958,Morocco (to 1958),CShapes 2.0 (1912-1956),Morocco,True
CEN-1912-1919,Central African Republic (1912-1919),CShapes 2.0 (1912-1919),Central African Republic,True
CHA-1912-1919,Chad (1912-1919),CShapes 2.0 (1912-1919),Chad,True
CON-1912-1919,Congo (1912-1919),CShapes 2.0 (1912-1919),Congo,True
GAB-1912-1919,Gabon (1912-1919),CShapes 2.0 (1912-1919),Gabon,True
LIB-1912-1919,Libya (1912-1919),CShapes 2.0 (1912-1919),Libya,True
MAD-1912-1946,Madagascar (1912-1946),CShapes 2.0 (1912-1946),Madagascar (Malagasy),True
MAU-1912-1944,Mauritania (1912-1944),CShapes 2.0 (1920-1944),Mauritania,True
NIG-1914-1961,Nigeria (1914-1961),CShapes 2.0 (1914-1960),Nigeria,True
LIB-1919-1925,Libya (1919-1925),CShapes 2.0 (1919-1925),Libya,True
MAL-1919-1932,Mali (1919-1932),CShapes 2.0 (1919-1932),Mali,True
EGY-1922-1925,Egypt (1922-1925),CShapes 2.0 (1922-1925),Egypt,True
KEN-1924-1926,Kenya (1924-1926),CShapes 2.0 (1924-1926),Kenya,True
EGY-1925-1967,Egypt (1925-1967),CShapes 2.0 (1937-1958),Egypt,True
LIB-1925-1934,Libya (1925-1934),CShapes 2.0 (1925-1934),Libya,True
COT-1932-1947,Côte d'Ivoire (1932-1947),CShapes 2.0 (1933-1947),Cote D'Ivoire,True
MAL-1932-1944,Mali (1932-1944),CShapes 2.0 (1932-1944),Mali,True
NIG-1932-1947,Niger (1932-1947),CShapes 2.0 (1932-1947),Niger,True
SUD-1934-2011,Sudan (1934-2011),CShapes 2.0 (1956-2011),Sudan,True
MAL-1944-1947,Mali (1944-1947),CShapes 2.0 (1944-1947),Mali,True
MAU-1944-1975,Mauritania (1944-1975),CShapes 2.0 (1944-1960),Mauritania,True
MAL-1947-1959,Mali (1947-1959),CShapes 2.0 (1947-1959),Mali,True
ETH-1952-1993,Ethiopia (1952-1993),CShapes 2.0 (1952-1993),Ethiopia,True
MOR-1956-1958,Morocco (1956-1958),CShapes 2.0 (1956-1958),Morocco,True
SUD-1956-2011,Sudan (1956-2011),CShapes 2.0 (1956-2011),Sudan,True
MAR-1958-1975,Morocco (1958-1975),CShapes 2.0 (1958-1975),Morocco,True
SPA-1958-1975,Western Sahara (1958-1975),CShapes 2.0 (1958-1975),Spanish Sahara,True
MAL-1959-1960,Mali (1959-1960),CShapes 2.0 (1959-1960),Mali,True
CMR-1960-1961,Cameroon (1960-1961),CShapes 2.0 (1960-1961),Cameroon,True
MRT-1960-1975,Mauritania (1960-1975),CShapes 2.0 (1960-1975),Mauritania,True
NGA-1960-1961,Nigeria (1960-1961),CShapes 2.0 (1960-1961),Nigeria,True
EGY-1967-1979,Egypt (1967-1979),CShapes 2.0 (1967-1979),Egypt,True
MRT-1975-1979,Mauritania (1975-1979),CShapes 2.0 (1975-1979),Mauritania,True
MAR-1975-1979,Morocco (1975-1979),CShapes 2.0 (1975-1979),Morocco,True
BRI-1800-1895,British Bechuanaland (to 1895),CShapes 2.0 (1886-1890),British Bechuanaland,True
BRI-1800-1960,British Protectorate (British Somaliland) (to 1960),CShapes 2.0 (1886-1897),British Somaliland (Somaliland Republic),True
KAM-1800-1912,Cameroon (Kamerun) (to 1912),CShapes 2.0 (1919-1922),Cameroon,True
CAP-1800-1895,Cape Colony (to 1895),CShapes 2.0 (1886-1895),Cape Colony,True
NAT-1800-1895,Natal (to 1895),CShapes 2.0 (1886-1895),Natal,True
OIL-1800-1898,Oil Rivers Protectorate (to 1898),CShapes 2.0 (1886-1898),Oil Rivers Protectorate,True
SPA-1800-1982,Spanish North Africa,GADM 4.1 fallback,Spanish North Africa,True
SPA-1800-1912,Spanish West Africa (to 1912),CShapes 2.0 (1886-1900),Spanish West Africa,True
TRA-1856-1910,Transvaal (to 1910),CShapes 2.0 (1900-1910),Transvaal,True
FSO-1884-1977,French Somalia,GADM 4.1 fallback,French Somalia,True
GWA-1884-1914,German West Africa,GADM 4.1 fallback,German West Africa,True
BBE-1885-1895,British Bechuanaland,CShapes 2.0 (1890-1895),British Bechuanaland,True
GER-1887-1888,German Togoland (1887-1888),CShapes 2.0 (1887-1888),German Togoland,True
GER-1888-1896,German Togoland (1888-1896),CShapes 2.0 (1888-1896),German Togoland,True
ITA-1889-1924,Italian Somaliland (1889-1924),CShapes 2.0 (1897-1908),Italian Somaliland,True
CAP-1895-1910,Cape Colony (1895-1910),CShapes 2.0 (1895-1910),Cape Colony,True
FRE-1895-1898,French West Africa (1895-1898),CShapes 2.0 (1895-1898),French West Africa,True
NAT-1895-1910,Natal (1895-1910),CShapes 2.0 (1895-1910),Natal,True
GER-1897-1919,German Togoland (1897-1919),CShapes 2.0 (1897-1914),German Togoland,True
FRE-1898-1902,French West Africa (1898-1902),CShapes 2.0 (1898-1902),French West Africa,True
FRE-1902-1904,French West Africa (1902-1904),CShapes 2.0 (1902-1904),French West Africa,True
KAM-1912-1919,Cameroon (Kamerun) (1912-1919),CShapes 2.0 (1919-1922),Cameroon,True
SPA-1912-1956,Spanish Morocco (1912-1956),CShapes 2.0 (1912-1956),Spanish Morocco,True
SPA-1912-1958,Spanish West Africa (1912-1958),CShapes 2.0 (1912-1958),Spanish West Africa,True
GER-1919-1922,German Togoland (1919-1922),CShapes 2.0 (1919-1922),German Togoland,True
BRI-1922-1955,British Togoland (1922-1955),CShapes 2.0 (1922-1955),British Togoland,True
ITA-1924-1960,Italian Somaliland (1924-1960),CShapes 2.0 (1941-1950),Italian Somaliland,True
FED-1953-1964,Federation of Rhodesia and Nyasaland (1953-1964),CShapes 2.0 (1953-1964),Federation of Rhodesia and Nyasaland,True
SOU-1956-1958,Southern zone of Spanish Morocco (1956-1958),CShapes 2.0 (1956-1958),Southern zone of Spanish Morocco,True
CAN-1800-2025,Canary Islands,GADM 4.1,Canary Islands,True
CEU-1800-2025,Ceuta Y Melilla,GADM 4.1,Ceuta Y Melilla,True
SHN-1800-2025,"Saint Helena, Ascension and Tristan da Cunha",GADM 4.1,"Saint Helena, Ascension and Tristan da Cunha",True
ST.-1800-2025,St. Helena,GADM 4.1,St. Helena,True
REU-1816-2025,Réunion,GADM 4.1,Réunion,True
MYT-1843-1914,Mayotte and Noissi-be,GADM 4.1,Mayotte and Noissi-be,True
MYT-2002-2025,Mayotte,GADM 4.1,Mayotte,True
GEA-1884-2025,German East Africa (Tanganyika),CShapes 2.0 (1922-1961),Tanzania (Tanganyika),True
TAN-1891-1920,Tanzania (1891-1920),CShapes 2.0 (1891-1916),Tanzania (Tanganyika),True
BRI-1919-1961,British Cameroon (1919-1961),CShapes 2.0 (1922-1961),British Cameroons,True
CAM-1919-1961,Cameroon (1919-1961),CShapes 2.0 (1922-1959),Cameroon,True
RWA-1920-1962,Rwanda and Burundi (1920-1962),CShapes 2.0 (1922-1962),Rwanda-Urundi,True
TAN-1920-1922,Tanzania (1920-1922),CShapes 2.0 (1920-1922),Tanzania (Tanganyika),True
TAN-1922-1964,Tanzania (1922-1964),CShapes 2.0 (1922-1961),Tanzania (Tanganyika),True
TZA-1961-1964,Tanzania (1961-1964),CShapes 2.0 (1961-1964),Tanzania (Tanganyika),True
ESH-1800-2025,Western Sahara,CShapes 2.0 (1958-1975),Spanish Sahara,True
ETH-1800-2025,Ethiopia (old),CShapes 2.0 (1907-1936),Ethiopia,True
F62-1800-1993,Ethiopia PDR,CShapes 2.0 (1952-1993),Ethiopia,True
F206-1800-2011,Sudan (old),CShapes 2.0 (1902-1910),Sudan,True
GOL-1843-2025,Gold Coast,CShapes 2.0 (1898-1956),Ghana,True
SPA-1858-2025,Spanish Guinea,CShapes 2.0 (1900-1968),Equatorial Guinea,True
NGA-1861-2025,Nigeria (old),CShapes 2.0 (1914-1960),Nigeria,True
SUD-1882-2025,Sudan (Anglo-Egyptian),CShapes 2.0 (1934-1955),Sudan,True
BAS-1884-2025,Basutoland,CShapes 2.0 (1886-1966),Lesotho,True
BSO-1884-2025,British Protectorate (British Somaliland),GADM 4.1 fallback,British Protectorate (British Somaliland),True
CMR-1884-2025,Cameroon (Kamerun),CShapes 2.0 (1901-1912),Kamerun,True
BEC-1885-2025,Bechuanaland Protectorate,CShapes 2.0 (1890-1895),British Bechuanaland,True
BEL-1885-2025,Belgian Congo,CShapes 2.0 (1910-1960),"Congo, Democratic Republic of (Zaire)",True
FSM-1887-2025,French Somaliland,CShapes 2.0 (1900-1977),Djibouti,True
NYA-1891-2025,Nyasaland Protectorate (Malawi),CShapes 2.0 (1891-1953),Malawi,True
BEA-1895-2025,British East Africa,CShapes 2.0 (1926-1963),Kenya,True
FWA-1895-2025,French West Africa,CShapes 2.0 (1898-1902),French West Africa,True
ITS-1908-2025,Italian Somaliland,CShapes 2.0 (1924-1941),Italian Somaliland,True
FEA-1910-2025,French Equatorial Africa,CShapes 2.0 (1960-2019),Gabon,True
ITL-1911-2025,Italian Libia Cyrenaica (Lybia),CShapes 2.0 (1951-2019),Libya,True
BCA-1914-2025,British Cameroon,CShapes 2.0 (1922-1961),British Cameroons,True
RWB-1919-2025,Rwanda and Burundi,CShapes 2.0 (1922-1962),Rwanda-Urundi,True
ATA-1800-2025,Antarctica,GADM 4.1,Antarctica,True
BVT-1800-2025,Bouvet Island,GADM 4.1,Bouvet Island,True
DRO-1800-1982,Dronning Maud Land,UNMATCHED,,False
ATF-1800-2025,French Southern Territories,GADM 4.1,French Southern Territories,True
BHR-1800-2025,Bahrain,CShapes 2.0 (1971-2019),Bahrain,True
BTN-1800-2025,Bhutan,CShapes 2.0 (1886-1947),Bhutan,True
IRN-1800-2025,Iran,CShapes 2.0 (1886-2019),Iran (Persia),True
JPN-1800-2025,Japan,CShapes 2.0 (1886-1945),Japan,True
KWT-1800-2025,Kuwait,CShapes 2.0 (1961-2019),Kuwait,True
MDV-1800-2025,Maldives,CShapes 2.0 (1887-1965),Maldives,True
MMR-1800-2025,Myanmar,CShapes 2.0 (1948-2005),Myanmar (Burma),True
NPL-1800-2025,Nepal,CShapes 2.0 (1886-1919),Nepal,True
OMN-1800-2025,Oman,CShapes 2.0 (1892-1971),Oman,True
PHL-1800-2025,Philippines,CShapes 2.0 (1898-1946),Philippines,True
QAT-1800-2025,Qatar,CShapes 2.0 (1916-1971),Qatar,True
LKA-1800-2025,Sri Lanka,CShapes 2.0 (1886-1948),Sri Lanka (Ceylon),True
TLS-1800-2025,Timor-Leste,CShapes 2.0 (1886-1976),East Timor,True
CYP-1879-2025,Cyprus,CShapes 2.0 (1914-1960),Cyprus,True
BRN-1888-2025,Brunei Darussalam,CShapes 2.0 (1888-1983),Brunei,True
THA-1909-2025,Thailand,CShapes 2.0 (1909-2019),Thailand,True
MNG-1911-2025,Mongolia,CShapes 2.0 (1921-2019),Mongolia,True
JOR-1918-2025,Jordan,CShapes 2.0 (1946-2019),Jordan,True
AFG-1919-2025,Afghanistan,CShapes 2.0 (1919-2019),Afghanistan,True
IRQ-1921-2025,Iraq,CShapes 2.0 (1932-2019),Iraq,True
LBN-1944-2025,Lebanon,CShapes 2.0 (1946-2019),Lebanon,True
PRK-1948-2025,North Korea,CShapes 2.0 (1948-2019),"Korea, People's Republic of",True
KOR-1948-2025,South Korea,CShapes 2.0 (1949-2019),"Korea, Republic of",True
IND-1949-2025,India,CShapes 2.0 (1949-2019),India,True
KHM-1953-2025,Cambodia,CShapes 2.0 (1953-2019),Cambodia (Kampuchea),True
LAO-1954-2025,Laos,CShapes 2.0 (1954-2019),Laos,True
MYS-1965-2025,Malaysia,CShapes 2.0 (1965-2019),Malaysia,True
SGP-1965-2025,Singapore,CShapes 2.0 (1965-2019),Singapore,True
SYR-1967-2025,Syrian Arab Republic,CShapes 2.0 (1967-2019),Syria,True
BGD-1971-2025,Bangladesh,CShapes 2.0 (1971-2019),Bangladesh,True
PAK-1971-2025,Pakistan,CShapes 2.0 (1971-2019),Pakistan,True
ARE-1971-2025,United Arab Emirates,CShapes 2.0 (1971-2019),United Arab Emirates,True
VNM-1975-2025,Vietnam,CShapes 2.0 (1887-1893),Vietnam (Annam/Cochin China/Tonkin),True
ISR-1979-2025,Israel,CShapes 2.0 (1979-2019),Israel,True
ARM-1991-2025,Armenia,CShapes 2.0 (1991-2019),Armenia,True
AZE-1991-2025,Azerbaijan,CShapes 2.0 (1991-2019),Azerbaijan,True
GEO-1991-2025,Georgia,CShapes 2.0 (1991-2019),Georgia,True
KAZ-1991-2025,Kazakhstan,CShapes 2.0 (1997-2019),Kazakhstan,True
KGZ-1991-2025,Kyrgyzstan,CShapes 2.0 (1991-2019),Kyrgyz Republic,True
TJK-1991-2025,Tajikistan,CShapes 2.0 (1991-2019),Tajikistan,True
TKM-1991-2025,Turkmenistan,CShapes 2.0 (1991-2019),Turkmenistan,True
UZB-1991-2025,Uzbekistan,CShapes 2.0 (1991-2019),Uzbekistan,True
SAU-2000-2025,Saudi Arabia,CShapes 2.0 (2000-2019),Saudi Arabia,True
YEM-2000-2025,Yemen,CShapes 2.0 (2000-2019),Yemen (Arab Republic of Yemen),True
IDN-2002-2025,Indonesia,CShapes 2.0 (2002-2019),Indonesia,True
ABU-1800-1971,Abu Dhabi,GADM 4.1 fallback,Abu Dhabi,True
AFG-1800-1888,Afghanistan (to 1888),CShapes 2.0 (1886-1888),Afghanistan,True
AFG-1800-1893,Afghanistan (to 1893),CShapes 2.0 (1886-1888),Afghanistan,True
AJM-1800-1971,Ajman,GADM 4.1 fallback,Ajman,True
BAD-1800-1873,Badakhshan,GADM 4.1,Badakhshan,True
BUK-1800-1920,Bukhara,CShapes 2.0 (1886-1920),Bokhara,True
BOK-1800-1920,Bukhara (to 1920),CShapes 2.0 (1886-1920),Bokhara,True
CAM-1800-1904,Cambodia (to 1904),CShapes 2.0 (1886-1893),Cambodia (Kampuchea),True
CHN-1800-1895,China (to 1895),CShapes 2.0 (1886-1895),China,True
DAN-1800-1845,Danish India,UNMATCHED,,False
HER-1800-1862,Herat,GADM 4.1,Herat,True
IND-1800-1893,India (to 1893),CShapes 2.0 (1886-1893),India,True
IND-1800-1947,India (to 1947),CShapes 2.0 (1886-1893),India,True
IND-1800-1889,Indonesia (to 1889),CShapes 2.0 (1886-1889),Indonesia,True
KHI-1800-1873,Khiva,GADM 4.1,Khiva,True
KHI-1800-1920,Khiva (to 1920),CShapes 2.0 (1886-1920),Khiva,True
KOK-1800-1876,Kokand,GADM 4.1,Kokand,True
OKO-1800-1910,Korea (to 1910),CShapes 2.0 (1887-1905),Korea,True
OTT-1800-1912,Ottoman Empire,CShapes-Europe,Ottoman Empire,True
PER-1800-1896,Perak (to 1896),CShapes 2.0 (1886-1896),Perak,True
SEL-1800-1896,Selangore (to 1896),CShapes 2.0 (1886-1896),Selangore,True
THA-1800-1893,Thailand (to 1893),CShapes 2.0 (1887-1893),Thailand,True
VNM-1800-1893,Vietnam (to 1893),CShapes 2.0 (1887-1893),Vietnam (Annam/Cochin China/Tonkin),True
BRN-1816-1888,Brunei (greater),CShapes 2.0 (1888-1983),Brunei,True
CHE-1816-1857,Chechnya,CShapes-Europe fallback,Chechnya,True
CIR-1816-1861,Circassia,CShapes-Europe fallback,Circassia,True
YUN-1856-1871,Yunnan,GADM 4.1,Yunnan,True
PAH-1888-1896,Pahang (1888-1896),CShapes 2.0 (1888-1896),Pahang,True
IND-1889-1949,Indonesia (1889-1949),CShapes 2.0 (1889-1945),Indonesia,True
IND-1893-1914,India (1893-1914),CShapes 2.0 (1899-1914),India,True
THA-1893-1904,Thailand (1893-1904),CShapes 2.0 (1893-1904),Thailand,True
VIE-1893-1954,Vietnam (1893-1954),CShapes 2.0 (1893-1954),Vietnam (Annam/Cochin China/Tonkin),True
CHN-1895-1912,China (1895-1912),CShapes 2.0 (1899-1912),China,True
CAM-1904-1907,Cambodia (1904-1907),CShapes 2.0 (1904-1907),Cambodia (Kampuchea),True
THA-1904-1907,Thailand (1904-1907),CShapes 2.0 (1904-1907),Thailand,True
SOU-1905-1945,Southern Sakhalin Island (1905-1945),CShapes 2.0 (1905-1945),Southern Sakhalin Island,True
THA-1907-1909,Thailand (1907-1909),CShapes 2.0 (1907-1909),Thailand,True
CHN-1913-1914,China (1913-1914),CShapes 2.0 (1913-1914),China,True
TIB-1913-1914,Tibet (1913-1914),CShapes 2.0 (1913-1914),Tibet,True
CHN-1914-1921,China (1914-1921),CShapes 2.0 (1914-1921),China,True
IND-1914-1937,India (1914-1937),CShapes 2.0 (1914-1931),India,True
TIB-1914-1950,Tibet (1914-1950),CShapes 2.0 (1914-1950),Tibet,True
F246-1918-1990,North Yemen,CShapes 2.0 (1934-1990),Yemen (Arab Republic of Yemen),True
JOR-1920-1923,Jordan (1920-1923),CShapes 2.0 (1920-1923),Jordan,True
SYR-1920-1967,Syrian Arab Republic (1920-1967),CShapes 2.0 (1922-1945),Syria,True
CHN-1921-1945,China (1921-1945),CShapes 2.0 (1921-1945),China,True
SAU-1924-1932,Saudi Arabia (1924-1932),CShapes 2.0 (1927-1934),Saudi Arabia,True
SAU-1932-2000,Saudi Arabia (1932-2000),CShapes 2.0 (1935-2000),Saudi Arabia,True
IND-1937-1947,India (1937-1947),CShapes 2.0 (1937-1947),India,True
CHN-1945-1947,China (1945-1947),CShapes 2.0 (1945-1947),China,True
IDN-1945-1949,Indonesia (1945-1949),CShapes 2.0 (1945-1949),Indonesia,True
MAL-1946-1963,Malaysia (1946-1963),CShapes 2.0 (1946-1957),Malaysia,True
SYR-1946-1967,Syrian Arab Republic (1946-1967),CShapes 2.0 (1946-1958),Syria,True
CHN-1947-1949,China (1947-1949),CShapes 2.0 (1947-1949),China,True
IND-1947-1949,India (1947-1949),CShapes 2.0 (1947-1949),India,True
JAM-1947-1949,Jammu and Kashmir (1947-1949),CShapes 2.0 (1947-1949),Jammu and Kashmir,True
KAS-1947-1949,Kashmir (North Azad) (1947-1949),CShapes 2.0 (1947-1949),"Kashmir (North, Azad)",True
PAK-1947-1949,Pakistan (1947-1949),CShapes 2.0 (1947-1949),Pakistan,True
ISR-1948-1967,Israel (1948-1967),CShapes 2.0 (1948-1967),Israel,True
CHN-1949-1950,China (1949-1950),CShapes 2.0 (1949-1950),China,True
IDN-1949-1969,Indonesia (1949-1969),CShapes 2.0 (1949-1969),Indonesia,True
PAK-1949-1971,Pakistan (1949-1971),CShapes 2.0 (1959-1967),Pakistan,True
NVI-1954-1975,North Vietnam,CShapes 2.0 (1954-1975),"Vietnam, Democratic Republic of",True
SVI-1954-1975,South Vietnam,CShapes 2.0 (1954-1975),"Vietnam, Republic of",True
MYS-1957-1963,Malaysia (1957-1963),CShapes 2.0 (1957-1963),Malaysia,True
FED-1962-1967,Federation of South Arabia (1962-1967),CShapes 2.0 (1962-1967),Federation of South Arabia,True
MYS-1963-1965,Malaysia (1963-1965),CShapes 2.0 (1963-1965),Malaysia,True
ISR-1967-1979,Israel (1967-1979),CShapes 2.0 (1967-1979),Israel,True
F247-1967-1990,South Yemen,CShapes 2.0 (1967-1990),"Yemen, People's Republic of",True
IDN-1969-1976,Indonesia (1969-1976),CShapes 2.0 (1969-1976),Indonesia,True
IDN-1976-2002,Indonesia (1976-2002),CShapes 2.0 (1976-2002),Indonesia,True
YEM-1990-2000,Yemen (1990-2000),CShapes 2.0 (1990-2000),Yemen (Arab Republic of Yemen),True
STR-1800-1946,Straits Settlement (to 1946),CShapes 2.0 (1886-1946),Straits Settlements,True
UNF-1800-1909,Unfederated Malay States (to 1909),CShapes 2.0 (1886-1909),Unfederated Malay States,True
STR-1826-1922,Straits Settlement,GADM 4.1 fallback,Straits Settlement,True
ADE-1839-1967,Aden,CShapes 2.0 (1937-1962),Aden,True
SAB-1888-1963,Sabah (British Borneo) (1888-1963),CShapes 2.0 (1889-1946),Sabah (North Borneo),True
SAR-1888-1963,Sarawak (1888-1963),CShapes 2.0 (1889-1946),Sarawak,True
FED-1895-1922,Federated Malay States,CShapes 2.0 (1896-1909),Federated Malay States,True
FED-1896-1909,Federated Malay States (1896-1909),CShapes 2.0 (1896-1909),Federated Malay States,True
KIA-1898-1922,Kiautchou,GADM 4.1 fallback,Kiautchou,True
FED-1909-1946,Federated Malay States (1909-1946),CShapes 2.0 (1909-1946),Federated Malay States,True
UNF-1909-1946,Unfederated Malay States (1909-1946),CShapes 2.0 (1909-1946),Unfederated Malay States,True
ADE-1937-1962,Aden (1937-1962),CShapes 2.0 (1937-1962),Aden,True
EAS-1937-1962,East Aden Protectorate (1937-1962),CShapes 2.0 (1937-1962),East Aden Protectorate,True
IOT-1800-2025,British Indian Ocean Territory,GADM 4.1,British Indian Ocean Territory,True
GAZ-1800-1982,Gaza Strip,GADM 4.1,Gaza Strip,True
MAC-1800-2025,Macao,GADM 4.1,Macao,True
NEU-1800-1982,Neutral Zone,UNMATCHED,,False
RYU-1800-1982,Ryukyu Islands,GADM 4.1,Ryukyu Islands,True
HKG-1841-2025,Hong Kong,GADM 4.1,Hong Kong,True
GAZ-1948-1967,Gaza Strip (1948-1967),CShapes 2.0 fallback (1948-1967),Gaza,True
WES-1948-1967,West Bank (1948-1967),CShapes 2.0 fallback (1948-1967),West Bank,True
PAL-1918-2025,Palestine/Jordan,GADM 4.1 fallback,Palestine/Jordan,True
PAL-1920-1948,Palestine (1920-1948),CShapes 2.0 (1923-1948),Palestine,True
MAN-1932-1945,Manchukuo,CShapes 2.0 (1921-1945),China,True
TWN-1896-2025,Taiwan,CShapes 2.0 (1949-2019),Taiwan,True
PSE-1999-2025,Palestine,CShapes 2.0 (1920-1920),Palestine,True
CHN-1800-2025,"China, mainland",CShapes 2.0 (1899-1912),China,True
DEI-1800-2025,Dutch East Indies (Indonesia),CShapes 2.0 (1889-1945),Indonesia,True
FRI-1800-2025,French India,CShapes 2.0 (1899-1914),India,True
KOR-1800-1945,Korea (old) (to 1945),CShapes 2.0 (1945-1948),"Korea, Republic of",True
POR-1800-2025,Portuguese India,GADM 4.1 fallback,Portuguese India,True
SHA-1800-2025,Sharjah,GADM 4.1 fallback,Sharjah,True
SIK-1800-2025,Sikkim,GADM 4.1 fallback,Sikkim,True
TIB-1800-2025,Tibet (old),CShapes 2.0 (1914-1950),Tibet,True
SAR-1841-2025,Sarawak,CShapes 2.0 (1889-1946),Sarawak,True
FUJ-1886-2025,Fujairah,GADM 4.1 fallback,Fujairah,True
FID-1887-2025,French Indochina,CShapes 2.0 (1893-1954),Vietnam (Annam/Cochin China/Tonkin),True
SAB-1888-2025,Sabah (British Borneo),CShapes 2.0 (1946-1963),Sabah (North Borneo),True
UMM-1892-2025,Umm al Qawain,GADM 4.1 fallback,Umm al Qawain,True
KCW-1898-2025,Kwang-Chou-Wan,GADM 4.1 fallback,Kwang-Chou-Wan,True
KWA-1898-2025,Kwantung (Port Arthur),GADM 4.1 fallback,Kwantung (Port Arthur),True
SYR-1918-2025,Syria and Lebanon,CShapes 2.0 (1967-2019),Syria,True
RAS-1919-2025,Ras al Khaimah,GADM 4.1 fallback,Ras al Khaimah,True
BMA-1922-2025,British Malaya,CShapes 2.0 (1909-1946),Federated Malay States,True
F351-1950-2025,China,CShapes 2.0 (1950-2019),China,True
AND-1800-2025,Andorra,CShapes 2.0 (1993-2019),Andorra,True
VAT-1800-2025,Holy See,CShapes 2.0 (1886-1919),Italy/Sardinia,True
ISL-1800-2025,Iceland,CShapes 2.0 (1886-1918),Iceland,True
LIE-1800-2025,Liechtenstein,CShapes 2.0 (1990-2019),Liechtenstein,True
MLT-1800-2025,Malta,CShapes 2.0 (1886-1964),Malta,True
MCO-1800-2025,Monaco,CShapes 2.0 (1993-2019),Monaco,True
NLD-1800-2025,Netherlands,CShapes 2.0 (1893-1940),Netherlands,True
NOR-1800-2025,Norway,CShapes 2.0 (1905-1940),Norway,True
PRT-1800-2025,Portugal,CShapes 2.0 (1886-2019),Portugal,True
SMR-1800-2025,San Marino,CShapes 2.0 (1992-2019),San Marino,True
ESP-1800-2025,Spain,CShapes 2.0 (1886-2019),Spain,True
SWE-1800-2025,Sweden,CShapes 2.0 (1905-2019),Sweden,True
CHE-1800-2025,Switzerland,CShapes 2.0 (1886-2019),Switzerland,True
BEL-1831-2025,Belgium,CShapes 2.0 (1886-1940),Belgium,True
ALB-1913-2025,Albania,CShapes 2.0 (1944-2019),Albania,True
AUT-1918-2025,Austria,CShapes 2.0 (1955-2019),Austria,True
FRA-1919-2025,France,CShapes 2.0 (1944-2019),France,True
GRC-1919-2025,Greece,CShapes 2.0 (1944-2019),Greece,True
ITA-1919-2025,Italy,CShapes 2.0 (1919-2019),Italy/Sardinia,True
DNK-1920-2025,Denmark,CShapes 2.0 (1945-2019),Denmark,True
TUR-1920-2025,Türkiye,CShapes 2.0 (1923-2019),Turkey (Ottoman Empire),True
IRL-1921-2025,Ireland,CShapes 2.0 (1922-2019),Ireland,True
GBR-1921-2025,United Kingdom,CShapes 2.0 (1922-2019),United Kingdom,True
BGR-1940-2025,Bulgaria,CShapes 2.0 (1940-2019),Bulgaria,True
FIN-1940-2025,Finland,CShapes 2.0 (1940-2019),Finland,True
ROU-1940-2025,Romania,CShapes 2.0 (1940-2019),Rumania,True
POL-1945-2025,Poland,CShapes 2.0 (1945-2019),Poland,True
HUN-1947-2025,Hungary,CShapes 2.0 (1947-2019),Hungary,True
DEU-1990-2025,Germany,CShapes 2.0 (1990-2019),German Federal Republic,True
BLR-1991-2025,Belarus,CShapes 2.0 (1991-2019),Belarus (Byelorussia),True
EST-1991-2025,Estonia,CShapes 2.0 (1991-2019),Estonia,True
LVA-1991-2025,Latvia,CShapes 2.0 (1991-2019),Latvia,True
LTU-1991-2025,Lithuania,CShapes 2.0 (1991-2019),Lithuania,True
MDA-1991-2025,Moldova,CShapes 2.0 (1991-2019),Moldova,True
MKD-1991-2025,North Macedonia,CShapes 2.0 (1993-2019),Macedonia (FYROM/North Macedonia),True
BIH-1992-2025,Bosnia and Herzegovina,CShapes 2.0 (1992-2019),Bosnia-Herzegovina,True
HRV-1992-2025,Croatia,CShapes 2.0 (1992-2019),Croatia,True
SVN-1992-2025,Slovenia,CShapes 2.0 (1992-2019),Slovenia,True
CZE-1993-2025,Czechia,CShapes 2.0 (1993-2019),Czech Republic,True
SVK-1993-2025,Slovakia,CShapes 2.0 (1993-2019),Slovakia,True
LUX-2000-2025,Luxembourg,CShapes 2.0 (1944-2019),Luxembourg,True
MNE-2006-2025,Montenegro,CShapes 2.0 (2006-2019),Montenegro,True
SRB-2008-2025,Serbia,CShapes 2.0 (2008-2019),Serbia,True
RUS-2014-2025,Russia,CShapes 2.0 (2014-2019),Russia (Soviet Union),True
UKR-2014-2025,Ukraine,CShapes 2.0 (2014-2019),Ukraine,True
AUH-1800-1908,Austria-Hungary (to 1908),CShapes 2.0 (1886-1908),Austria-Hungary,True
BAV-1800-1871,Bavaria,CShapes-Europe,Bavaria,True
BOS-1800-1908,Bosnia (to 1908),CShapes 2.0 (1886-1908),Bosnia,True
BRE-1800-1871,Bremen (city-state),GADM 4.1,Bremen (city-state),True
DNK-1800-1920,Denmark (to 1920),CShapes 2.0 (1886-1920),Denmark,True
DMO-1800-1860,Duchy Modena,CShapes-Europe,Duchy Modena,True
DPA-1800-1860,Duchy Parma,CShapes-Europe,Duchy Parma,True
FRA-1800-1919,France (to 1919),CShapes 2.0 (1886-1919),France,True
DEU-1800-1919,Germany (to 1919),CShapes 2.0 (1990-2019),German Federal Republic,True
GRC-1800-1913,Greece (to 1913),CShapes 2.0 (1886-1913),Greece,True
HAN-1800-1866,Hanover,CShapes-Europe,Hanover,True
HER-1800-1908,Herzegovina (to 1908),CShapes 2.0 (1886-1908),Herzegovina,True
HES-1800-1871,Hesse,GADM 4.1,Hesse,True
MEK-1800-1871,Mecklenburg,GADM 4.1,Mecklenburg,True
OLD-1800-1871,Oldenburg,GADM 4.1,Oldenburg,True
PAP-1800-1870,Papal States,CShapes-Europe,Papal States,True
SAR-1800-1860,Sardinia,CShapes 2.0 (1886-1919),Italy/Sardinia,True
SAX-1800-1871,Saxony,CShapes-Europe,Saxony,True
SHL-1800-1866,Schleswig-Holstein,GADM 4.1,Schleswig-Holstein,True
SER-1800-1913,Serbia (to 1913),CShapes 2.0 (1886-1913),Serbia,True
SWE-1800-1905,Sweden (to 1905),CShapes 2.0 (1886-1905),Sweden,True
THU-1800-1871,Thuringia,GADM 4.1,Thuringia,True
TUS-1800-1860,Tuscany,GADM 4.1 fallback,Tuscany,True
TWO-1800-1860,Two Sicilies,GADM 4.1 fallback,Two Sicilies,True
TUR-1800-1912,Türkiye (to 1912),CShapes 2.0 (1886-1908),Turkey (Ottoman Empire),True
F228-1800-1905,USSR (to 1905),CShapes 2.0 (1886-1905),Russia (Soviet Union),True
GBR-1800-1921,United Kingdom (to 1921),CShapes 2.0 (1886-1921),United Kingdom,True
WUR-1800-1871,Württemberg,GADM 4.1,Württemberg,True
ION-1815-1864,Ionian islands,GADM 4.1,Ionian islands,True
ANB-1816-1864,Anhalt-Bernburg,CShapes-Europe,Anhalt-Bernburg,True
AND-1816-1863,Anhalt-Dessau,CShapes-Europe,Anhalt-Dessau,True
CRA-1816-1846,Cracow (Free City),CShapes-Europe,Cracow (Free City),True
FRA-1816-1866,Frankfurt (Free City),CShapes-Europe,Frankfurt (Free City),True
HHO-1816-1866,Hesse-Homburg,CShapes-Europe fallback,Hesse-Homburg,True
HOG-1816-1818,Hohengeroldseck,CShapes-Europe fallback,Hohengeroldseck,True
HHE-1816-1850,Hohenzollern-Hechingen,CShapes-Europe fallback,Hohenzollern-Hechingen,True
HSI-1816-1850,Hohenzollern-Sigmaringen,CShapes-Europe fallback,Hohenzollern-Sigmaringen,True
NAP-1816-1861,Kingdom of Naples,CShapes-Europe,Kingdom of Naples,True
LIP-1816-1870,Lippe-Detmold,CShapes-Europe fallback,Lippe-Detmold,True
LUC-1816-1847,Lucca,CShapes-Europe,Lucca,True
MAS-1816-1829,Massa,CShapes-Europe,Massa,True
NAS-1816-1866,Nassau,CShapes-Europe,Nassau,True
PIE-1816-1861,Piedmont,CShapes-Europe,Piedmont,True
REU-1816-1870,Reuss,CShapes-Europe,Reuss,True
SCS-1816-1826,Saxe-Coburg-Saalfeld,CShapes-Europe fallback,Saxe-Coburg-Saalfeld,True
SGA-1816-1826,Saxe-Gotha-Altenberg,CShapes-Europe fallback,Saxe-Gotha-Altenberg,True
SHI-1816-1826,Saxe-Hildburgchausen,CShapes-Europe fallback,Saxe-Hildburgchausen,True
SME-1816-1870,Saxe-Meiningen,CShapes-Europe fallback,Saxe-Meiningen,True
SWE-1816-1870,Saxe-Weimar,CShapes-Europe fallback,Saxe-Weimar,True
SCL-1816-1870,Schaumburg-Lippe,CShapes-Europe fallback,Schaumburg-Lippe,True
SER-1816-1913,Serbia (1816-1913),CShapes 2.0 (1886-1913),Serbia,True
WAL-1816-1870,Waldeck,CShapes-Europe,Waldeck,True
WOL-1816-1870,Wolfenbüttel,CShapes-Europe fallback,Wolfenbüttel,True
SAL-1827-1870,Saxe-Altenburg,CShapes-Europe fallback,Saxe-Altenburg,True
SCG-1827-1870,Saxe-Coburg-Gotha,CShapes-Europe fallback,Saxe-Coburg-Gotha,True
ROU-1859-1913,Romania (to 1913),CShapes 2.0 (1886-1913),Rumania,True
ITA-1861-1919,Italy (to 1919),CShapes 2.0 (1886-1919),Italy/Sardinia,True
ANH-1864-1870,Anhalt,CShapes-Europe,Anhalt,True
BGR-1878-1913,Bulgaria (to 1913),CShapes 2.0 (1908-1913),Bulgaria,True
MNE-1878-1913,Montenegro (to 1913),CShapes 2.0 (1915-1918),Montenegro,True
CRE-1898-1913,Crete,GADM 4.1 fallback,Crete,True
F228-1905-1914,USSR (1905-1914),CShapes 2.0 (1905-1914),Russia (Soviet Union),True
AUH-1908-1918,Austria-Hungary (1908-1918),CShapes 2.0 (1908-1918),Austria-Hungary,True
BGR-1913-1918,Bulgaria (1913-1918),CShapes 2.0 (1913-1918),Bulgaria,True
GRC-1913-1919,Greece (1913-1919),CShapes 2.0 (1913-1919),Greece,True
MNE-1913-1915,Montenegro (1913-1915),CShapes 2.0 (1915-1918),Montenegro,True
MON-1913-1918,Montenegro (1913-1918),CShapes 2.0 (1915-1918),Montenegro,True
ROU-1913-1918,Romania (1913-1918),CShapes 2.0 (1913-1916),Rumania,True
SER-1913-1915,Serbia (1913-1915),CShapes 2.0 (1913-1915),Serbia,True
SER-1913-1918,Serbia (1913-1918),CShapes 2.0 (1915-1918),Serbia,True
TUR-1913-1914,Türkiye (1913-1914),CShapes 2.0 (1913-1914),Turkey (Ottoman Empire),True
TUR-1914-1918,Türkiye (1914-1918),CShapes 2.0 (1914-1918),Turkey (Ottoman Empire),True
F228-1914-1917,USSR (1914-1917),CShapes 2.0 (1914-1917),Russia (Soviet Union),True
FIN-1917-1940,Finland (1917-1940),CShapes 2.0 (1917-1940),Finland,True
F228-1917-1918,USSR (1917-1918),CShapes 2.0 (1917-1918),Russia (Soviet Union),True
AUT-1918-1919,Austria (1918-1919),CShapes 2.0 (1918-1919),Austria,True
BGR-1918-1919,Bulgaria (1918-1919),CShapes 2.0 (1918-1919),Bulgaria,True
F51-1918-1938,Czechoslovakia (1918-1938),CShapes 2.0 (1918-1938),Czechoslovakia,True
EST-1918-1940,Estonia (1918-1940),CShapes 2.0 (1918-1940),Estonia,True
HUN-1918-1919,Hungary (1918-1919),CShapes 2.0 (1918-1919),Hungary,True
LVA-1918-1940,Latvia (1918-1940),CShapes 2.0 (1918-1940),Latvia,True
LTU-1918-1920,Lithuania (1918-1920),CShapes 2.0 (1918-1920),Lithuania,True
POL-1918-1919,Poland (1918-1919),CShapes 2.0 (1918-1919),Poland,True
ROU-1918-1919,Romania (1918-1919),CShapes 2.0 (1918-1919),Rumania,True
TUR-1918-1920,Türkiye (1918-1920),CShapes 2.0 (1918-1920),Turkey (Ottoman Empire),True
F228-1918-1920,USSR (1918-1920),CShapes 2.0 (1918-1920),Russia (Soviet Union),True
F248-1918-1919,Yugoslavia (1918-1919),CShapes 2.0 (1918-1919),Yugoslavia/Serbia,True
BGR-1919-1940,Bulgaria (1919-1940),CShapes 2.0 (1919-1940),Bulgaria,True
DEU-1919-1920,Germany (1919-1920),CShapes 2.0 (1990-2019),German Federal Republic,True
HUN-1919-1920,Hungary (1919-1920),CShapes 2.0 (1919-1920),Hungary,True
POL-1919-1920,Poland (1919-1920),CShapes 2.0 (1919-1920),Poland,True
ROU-1919-1920,Romania (1919-1920),CShapes 2.0 (1919-1920),Rumania,True
F248-1919-1920,Yugoslavia (1919-1920),CShapes 2.0 (1919-1920),Yugoslavia/Serbia,True
DEU-1920-1938,Germany (1920-1938),CShapes 2.0 (1990-2019),German Federal Republic,True
HUN-1920-1938,Hungary (1920-1938),CShapes 2.0 (1920-1938),Hungary,True
LTU-1920-1940,Lithuania (1920-1940),CShapes 2.0 (1922-1939),Lithuania,True
POL-1920-1921,Poland (1920-1921),CShapes 2.0 (1920-1921),Poland,True
ROU-1920-1940,Romania (1920-1940),CShapes 2.0 (1920-1940),Rumania,True
F228-1920-1921,USSR (1920-1921),CShapes 2.0 (1920-1921),Russia (Soviet Union),True
F248-1920-1991,Yugoslavia (1920-1991),CShapes 2.0 (1944-1991),Yugoslavia/Serbia,True
POL-1921-1945,Poland (1921-1945),CShapes 2.0 (1921-1939),Poland,True
F228-1921-1940,USSR (1921-1940),CShapes 2.0 (1921-1940),Russia (Soviet Union),True
F51-1938-1945,Czechoslovakia (1938-1945),CShapes 2.0 (1939-1945),Czechoslovakia,True
DEU-1938-1945,Germany (1938-1945),CShapes 2.0 (1990-2019),German Federal Republic,True
HUN-1938-1947,Hungary (1938-1947),CShapes 2.0 (1938-1947),Hungary,True
F228-1940-1945,USSR (1940-1945),CShapes 2.0 (1940-1945),Russia (Soviet Union),True
F51-1945-1947,Czechoslovakia (1945-1947),CShapes 2.0 (1945-1947),Czechoslovakia,True
F228-1945-1991,USSR (1945-1991),CShapes 2.0 (1945-1991),Russia (Soviet Union),True
CZE-1947-1992,Czechoslovakia (1947-1992),CShapes 2.0 (1947-1992),Czechoslovakia,True
F51-1947-1993,Czechoslovakia (1947-1993),CShapes 2.0 (1947-1992),Czechoslovakia,True
F77-1949-1990,East Germany,CShapes 2.0 (1954-1990),German Democratic Republic,True
F78-1949-1990,West Germany,CShapes 2.0 (1955-1990),German Federal Republic,True
RUS-1991-2014,Russia (1991-2014),CShapes 2.0 (1991-2014),Russia (Soviet Union),True
UKR-1991-2014,Ukraine (1991-2014),CShapes 2.0 (1991-2014),Ukraine,True
F248-1991-1992,Yugoslavia (1991-1992),CShapes 2.0 (1991-1992),Yugoslavia/Serbia,True
SCG-1992-2006,Serbia and Montenegro,GADM 4.1 fallback,Serbia and Montenegro,True
YUG-1992-2006,Yugoslavia (1992-2006),CShapes 2.0 (1993-2006),Yugoslavia/Serbia,True
SER-2006-2008,Serbia (2006-2008),CShapes 2.0 (2006-2008),Serbia,True
BAD-1800-1871,Baden,GADM 4.1,Baden,True
CHA-1800-2023,Channel Islands,GADM 4.1,Channel Islands,True
GEB-1800-1982,East Berlin,GADM 4.1,East Berlin,True
FRO-1800-2025,Faroe Islands,"GADM 3.6 (full, FRO)",Faroe Islands,True
GIB-1800-2025,Gibraltar,GADM 4.1,Gibraltar,True
GRL-1800-2025,Greenland,GADM 4.1,Greenland,True
IMN-1800-2025,Isle of Man,GADM 4.1,Isle of Man,True
SJM-1800-2025,Svalbard and Jan Mayen,GADM 4.1,Svalbard and Jan Mayen,True
GWB-1800-1982,West Berlin,GADM 4.1,West Berlin,True
GGY-2005-2025,Guernsey,GADM 4.1,Guernsey,True
JEY-2005-2025,Jersey,GADM 4.1,Jersey,True
F285-2011-2023,Sark,UNMATCHED,,False
DAN-1919-1938,Danzig (1919-1938),CShapes 2.0 (1919-1938),Danzig,True
KOS-2008-2025,Kosovo,CShapes 2.0 (2008-2019),Kosovo,True
F15-1800-1999,Belgium-Luxembourg,CShapes 2.0 (1886-1940),Belgium,True
FRA-1800-1982,"France, Metropolitan",CShapes 2.0 (1886-1919),France,True
GER-1800-2025,Germany/Zollverein,CShapes 2.0 (1886-1919),Germany (Prussia),True
LUO-1800-2025,Luxembourg (old),CShapes 2.0 (1893-1914),Luxembourg,True
NET-1800-2025,Netherlands (old),CShapes 2.0 (1893-1940),Netherlands,True
DOD-1912-2025,Dodecanese Is.,CShapes 2.0 (1944-2019),Greece,True
X06-1800-2025,Africa,none (region),,False
X21-1800-2025,Americas,none (region),,False
F5848-1800-2025,Annex I countries,none (region),,False
F5600-1800-2025,Antarctic Region,none (region),,False
F5300-1800-2025,Asia,none (region),,False
F5501-1800-2025,Australia and New Zealand,none (region),,False
F5206-1800-2025,Caribbean,none (region),,False
F5857-1800-2025,Caucasus and Central Asia,none (region),,False
F5204-1800-2025,Central America,none (region),,False
F5101-1800-2025,Eastern Africa,none (region),,False
F5302-1800-2025,Eastern Asia,none (region),,False
F5829-1800-2025,Eastern Asia (excluding Japan and China),none (region),,False
F5307-1800-2025,Eastern Asia and South-eastern Asia,none (region),,False
F5401-1800-2025,Eastern Europe,none (region),,False
F5400-1800-2025,Europe,none (region),,False
EUR-1800-2025,"Europe, Northern America, Australia and New Zealand",none (region),,False
F5707-1800-2025,European Union (27),none (region),,False
F99029-1800-2025,"FAO Major Fishing Area: Atlantic, Eastern Central (14.4.1)",none (region),,False
F99024-1800-2025,"FAO Major Fishing Area: Atlantic, Northeast (14.4.1)",none (region),,False
F99023-1800-2025,"FAO Major Fishing Area: Atlantic, Northwest (14.4.1)",none (region),,False
F99026-1800-2025,"FAO Major Fishing Area: Atlantic, Southeast (14.4.1)",none (region),,False
F99030-1800-2025,"FAO Major Fishing Area: Atlantic, Southwest (14.4.1)",none (region),,False
F99028-1800-2025,"FAO Major Fishing Area: Atlantic, Western Central (14.4.1)",none (region),,False
F99025-1800-2025,"FAO Major Fishing Area: Indian Ocean, Eastern (14.4.1)",none (region),,False
F99027-1800-2025,"FAO Major Fishing Area: Indian Ocean, Western (14.4.1)",none (region),,False
F99032-1800-2025,FAO Major Fishing Area: Mediterranean and Black Sea (14.4.1),none (region),,False
F99018-1800-2025,"FAO Major Fishing Area: Pacific, Eastern Central (14.4.1)",none (region),,False
F99019-1800-2025,"FAO Major Fishing Area: Pacific, Northeast (14.4.1)",none (region),,False
F99020-1800-2025,"FAO Major Fishing Area: Pacific, Northwest (14.4.1)",none (region),,False
F99031-1800-2025,"FAO Major Fishing Area: Pacific, Southeast (14.4.1)",none (region),,False
F99022-1800-2025,"FAO Major Fishing Area: Pacific, Southwest (14.4.1)",none (region),,False
F99021-1800-2025,"FAO Major Fishing Area: Pacific, Western Central (14.4.1)",none (region),,False
F9010-1800-2025,High-income economies,none (region),,False
F5823-1800-2025,International Centres (FAO) (2.5.1.a),none (region),,False
F5802-1800-2025,Land Locked Developing Countries (LLDCs),none (region),,False
F348-1800-2025,Latin America,none (region),,False
F5205-1800-2025,Latin America and the Caribbean,none (region),,False
F5801-1800-2025,Least Developed Countries (LDCs),none (region),,False
F5815-1800-2025,Low Income Food Deficit Countries (LIFDCs),none (region),,False
F5858-1800-2025,Low-income economies,none (region),,False
F5859-1800-2025,Lower-middle-income economies,none (region),,False
F5502-1800-2025,Melanesia,none (region),,False
F5102-1800-2025,Middle Africa,none (region),,False
F5817-1800-2025,Net Food Importing Developing Countries (NFIDCs),none (region),,False
F5849-1800-2025,Non-Annex I countries,none (region),,False
F336-1800-2025,North and Central America,none (region),,False
F5103-1800-2025,Northern Africa,none (region),,False
F429-1800-2025,Northern Africa (excluding Sudan),none (region),,False
F5203-1800-2025,Northern America,none (region),,False
F5208-1800-2025,Northern America and Europe,none (region),,False
F5402-1800-2025,Northern Europe,none (region),,False
F5873-1800-2025,OECD,none (region),,False
F5500-1800-2025,Oceania,none (region),,False
F5807-1800-2025,Oceania excluding Australia and New Zealand,none (region),,False
F5504-1800-2025,Polynesia,none (region),,False
F5822-1800-2025,Regional Centres (FAO) (2.5.1.a),none (region),,False
F5803-1800-2025,Small Island Developing States (SIDS),none (region),,False
F5207-1800-2025,South America,none (region),,False
F5306-1800-2005,South-Central Asia,none (region),,False
F5304-1800-2025,South-eastern Asia,none (region),,False
F5104-1800-2025,Southern Africa,none (region),,False
F5855-1800-2025,Southern Asia (excluding India),none (region),,False
F5403-1800-2025,Southern Europe,none (region),,False
F5810-1800-2025,Sub-Saharan Africa (including Sudan),none (region),,False
F9011-1800-2025,Upper-middle-income economies,none (region),,False
F5105-1800-2025,Western Africa,none (region),,False
F5305-1800-2025,Western Asia,none (region),,False
F5828-1800-2025,"Western Asia (exc. Armenia, Azerbaijan, Cyprus, Israel and Georgia)",none (region),,False
F5308-1800-2025,Western Asia and Northern Africa,none (region),,False
F5404-1800-2025,Western Europe,none (region),,False
X01-1800-2025,World,none (region),,False
F5301-2005-2025,Central Asia,none (region),,False
F5303-2005-2025,Southern Asia,none (region),,False
F420-2017-2025,Sub-Saharan Africa,none (region),,False
DEDREG-2021-2025,Developed regions,none (region),,False
DNGREG-2021-2025,Developing regions,none (region),,False
ATG-1800-2025,Antigua and Barbuda,CShapes 2.0 (1981-2019),Antigua & Barbuda,True
BHS-1800-2025,Bahamas,CShapes 2.0 (1886-1973),Bahamas,True
BRB-1800-2025,Barbados,CShapes 2.0 (1886-1966),Barbados,True
BLZ-1800-2025,Belize,CShapes 2.0 (1886-1970),Belize,True
CRI-1800-2025,Costa Rica,CShapes 2.0 (1920-2019),Costa Rica,True
CUB-1800-2025,Cuba,CShapes 2.0 (1909-2019),Cuba,True
DMA-1800-2025,Dominica,CShapes 2.0 (1978-2019),Dominica,True
DOM-1800-2025,Dominican Republic,CShapes 2.0 (1894-1916),Dominican Republic,True
HTI-1800-2025,Haiti,CShapes 2.0 (1886-1915),Haiti,True
HND-1800-2025,Honduras,CShapes 2.0 (1899-2019),Honduras,True
JAM-1800-2025,Jamaica,CShapes 2.0 (1886-1962),Jamaica,True
MEX-1800-2025,Mexico,CShapes 2.0 (1886-2019),Mexico,True
NIC-1800-2025,Nicaragua,CShapes 2.0 (1900-2019),Nicaragua,True
KNA-1800-2025,Saint Kitts and Nevis,CShapes 2.0 (1983-2019),St. Kitts and Nevis,True
LCA-1800-2025,Saint Lucia,CShapes 2.0 (1979-2019),St. Lucia,True
VCT-1800-2025,Saint Vincent and the Grenadines,CShapes 2.0 (1979-2019),St. Vincent and the Grenadines,True
TTO-1800-2025,Trinidad and Tobago,CShapes 2.0 (1886-1962),Trinidad and Tobago,True
SLV-1821-2025,El Salvador,CShapes 2.0 (1886-2019),El Salvador,True
GTM-1821-2025,Guatemala,CShapes 2.0 (1886-2019),Guatemala,True
PAN-1903-2025,Panama,CShapes 2.0 (1903-2019),Panama,True
CAN-1948-2025,Canada,CShapes 2.0 (1948-2019),Canada,True
USA-1959-2025,United States of America,CShapes 2.0 (1959-2019),United States of America,True
BLM-2007-2025,Saint Barthélemy,GADM 4.1 fallback,Saint Barthélemy,True
CUW-2010-2025,Curaçao,GADM 4.1 fallback,Curaçao,True
ALA-1800-1959,Alaska (to 1959),CShapes 2.0 (1886-1959),Alaska,True
CAN-1800-1982,Canton and Enderbury Islands,UNMATCHED,,False
GRD-1800-1833,Grenada,GADM 4.1,Grenada,True
LOW-1800-1866,Lower Quebec,GADM 4.1,Lower Quebec,True
NBW-1800-1866,New Brunswick,GADM 4.1,New Brunswick,True
NEW-1800-1948,Newfoundland (to 1948),CShapes 2.0 (1886-1948),Newfoundland,True
NOV-1800-1866,Nova Scotia  Cape Breton Isl.,GADM 4.1,Nova Scotia  Cape Breton Isl.,True
ONT-1800-1866,Ontario,GADM 4.1,Ontario,True
PAN-1800-1979,Panama (before Canal Zone),CShapes 2.0 (1903-2019),Panama,True
PRI-1800-1866,Prince Edward Island,GADM 4.1,Prince Edward Island,True
ST.-1800-1838,St. Lucía,GADM 4.1,St. Lucía,True
ST.-1800-1833,St. Vincent,GADM 4.1,St. Vincent,True
USA-1800-1959,United States of America (to 1959),CShapes 2.0 (1886-1959),United States of America,True
STM-1816-1878,St Martin and St Barthélemy,GADM 4.1,St Martin and St Barthélemy,True
VAN-1849-1866,Vancouver's Island,GADM 4.1,Vancouver's Island,True
CAN-1866-1948,Canada (to 1948),CShapes 2.0 (1886-1920),Canada,True
BCO-1858-1866,British Columbia,GADM 4.1,British Columbia,True
AIA-1800-2025,Anguilla,GADM 4.1,Anguilla,True
BMU-1800-2025,Bermuda,GADM 4.1,Bermuda,True
VGB-1800-2025,British Virgin Islands,GADM 4.1,British Virgin Islands,True
CYM-1800-2025,Cayman Islands,GADM 4.1,Cayman Islands,True
GLP-1800-2025,Guadeloupe,GADM 4.1,Guadeloupe,True
LEE-1800-2025,"Leeward Islands (Antigua, Dominica, St.Christopher, Montserrat, Nevis, Virgin Island)",GADM 4.1,"Leeward Islands (Antigua, Dominica, St.Christopher, Montserrat, Nevis, Virgin Island)",True
MTQ-1800-2025,Martinique,GADM 4.1,Martinique,True
MSR-1800-2025,Montserrat,GADM 4.1,Montserrat,True
NET-1800-1986,Netherlands Antilles (original),GADM 4.1,Netherlands Antilles (original),True
PRI-1800-2025,Puerto Rico,GADM 4.1,Puerto Rico,True
SAI-1800-1982,Saint Kitts-Nevis-Anguilla,GADM 4.1,Saint Kitts-Nevis-Anguilla,True
SPM-1800-2025,Saint Pierre and Miquelon,GADM 4.1,Saint Pierre and Miquelon,True
TCA-1800-2025,Turks and Caicos Islands,GADM 4.1,Turks and Caicos Islands,True
VIR-1800-2025,United States Virgin Islands,GADM 4.1,United States Virgin Islands,True
ABW-1986-2025,Aruba,GADM 4.1,Aruba,True
ANT-1986-2010,Netherlands Antilles,GADM 4.1,Netherlands Antilles,True
ALA-2003-2025,Åland Islands,GADM 4.1,Åland Islands,True
MAF-2007-2025,Saint Martin (French part),GADM 4.1,Saint Martin (French part),True
BES-2010-2025,"Bonaire, Sint Eustatius and Saba",GADM 4.1,"Bonaire, Sint Eustatius and Saba",True
SXM-2010-2025,Sint Maarten (Dutch part),GADM 4.1,Sint Maarten (Dutch part),True
DAN-1800-2025,Danish Virgin Islands,GADM 4.1 fallback,Danish Virgin Islands,True
DUT-1800-2025,Dutch West Indies (Netherland Antilles),GADM 4.1 fallback,Dutch West Indies (Netherland Antilles),True
NFL-1816-2025,Newfoundland,CShapes 2.0 (1886-1948),Newfoundland,True
KIR-1800-2025,Kiribati,CShapes 2.0 (1999-2019),Kiribati,True
TON-1800-2025,Tonga,CShapes 2.0 (1999-2019),Tonga,True
TUV-1800-2025,Tuvalu,CShapes 2.0 (2000-2019),Tuvalu,True
VUT-1800-2025,Vanuatu,CShapes 2.0 (1981-2019),Vanuatu,True
FJI-1874-2025,Fiji,CShapes 2.0 (1886-1970),Fiji,True
MHL-1874-2025,Marshall Islands,CShapes 2.0 (1991-2019),Marshall Islands,True
SLB-1885-2025,Solomon Islands,CShapes 2.0 (1952-1978),Solomon Islands,True
NRU-1888-2025,Nauru,CShapes 2.0 (1999-2019),Nauru,True
WSM-1900-2025,Samoa,CShapes 2.0 (1976-2019),Samoa,True
AUS-1901-2025,Australia,CShapes 2.0 (1927-2019),Australia,True
NZL-1907-2025,New Zealand,CShapes 2.0 (1920-2019),New Zealand,True
PNG-1975-2025,Papua New Guinea,CShapes 2.0 (1975-2019),Papua New Guinea,True
FSM-1991-2025,Micronesia,CShapes 2.0 (1991-2019),Micronesia (Federated states of),True
PLW-1991-2025,Palau,CShapes 2.0 (1994-2006),Palau,True
NEW-1800-1920,New Guinea (to 1920),CShapes 2.0 (1949-1975),Papua New Guinea,True
NEW-1800-1900,New South Wales (to 1900),CShapes 2.0 (1886-1900),New South Wales,True
PAP-1800-1949,Papua (to 1949),CShapes 2.0 (1886-1887),Papua,True
QUE-1800-1900,Queensland (to 1900),CShapes 2.0 (1886-1900),Queensland,True
SOU-1800-1900,South Australia (to 1900),CShapes 2.0 (1886-1900),South Australia,True
TAS-1800-1900,Van Diemen's Land (Tasmania) (to 1900),CShapes 2.0 (1886-1900),Tasmania,True
VIC-1800-1900,Victoria (to 1900),CShapes 2.0 (1886-1900),Victoria,True
WES-1800-1900,Western Australia (to 1900),CShapes 2.0 (1886-1900),Western Australia,True
VAN-1828-1900,Van Diemen's Land (Tasmania),GADM 4.1 fallback,Van Diemen's Land (Tasmania),True
SOU-1838-1900,South Australia,CShapes 2.0 (1886-1900),South Australia,True
WES-1838-1900,Western Australia,CShapes 2.0 (1886-1900),Western Australia,True
MRQ-1844-1903,Marquesas Island,GADM 4.1 fallback,Marquesas Island,True
SOC-1844-1903,Society Islands  (Tahiti),GADM 4.1 fallback,Society Islands  (Tahiti),True
BON-1846-1873,Bonin island,GADM 4.1,Bonin island,True
VIC-1853-1900,Victoria,CShapes 2.0 (1886-1900),Victoria,True
QUE-1859-1900,Queensland,CShapes 2.0 (1886-1900),Queensland,True
GAM-1881-1903,Gambier Island,GADM 4.1 fallback,Gambier Island,True
PAL-1889-1912,Palmyra Island,CShapes 2.0 (1898-1959),Hawaii,True
SOL-1893-1899,Solomon Islands (1893-1899),CShapes 2.0 (1893-1899),Solomon Islands,True
HAW-1898-1959,Hawaii (1898-1959),CShapes 2.0 (1898-1959),Hawaii,True
GER-1800-1899,German Solomon Islands (to 1899),CShapes 2.0 (1886-1899),German Solomon Islands,True
WES-1949-1969,Dutch new Guinea (1949-1969),CShapes 2.0 (1949-1962),West Irian (Dutch New Guinea),True
CXR-1800-2025,Christmas Island,GADM 4.1,Christmas Island,True
CCK-1800-2025,Cocos (Keeling) Islands,"GADM 3.6 (full, CCK)",Cocos Islands,True
PYF-1800-2025,French Polynesia,GADM 4.1,French Polynesia,True
GUM-1800-2025,Guam,GADM 4.1,Guam,True
HMD-1800-2025,Heard Island and McDonald Islands,GADM 4.1,Heard Island and McDonald Islands,True
JTN-1800-1982,Johnston Island,UNMATCHED,,False
NFK-1800-1901,Norfolk Island,GADM 4.1,Norfolk Island,True
UMI-1800-2025,United States Minor Outlying Islands,"GADM 3.6 (full, UMI)",United States Minor Outlying Islands,True
UNI-1800-1982,United States miscellaneous Pacific Islands,UNMATCHED,,False
PCN-1839-2025,Pitcairn,GADM 4.1,Pitcairn,True
WLF-1842-2025,Wallis and Futuna,GADM 4.1,Wallis and Futuna,True
NCL-1853-2025,New Caledonia,GADM 4.1,New Caledonia,True
MID-1859-1982,Midway Islands,UNMATCHED,,False
USS-1859-2025,US settlement Oceania,UNMATCHED,,False
TKL-1877-2025,Tokelau,GADM 4.1,Tokelau,True
COK-1893-2025,Cook Islands,GADM 4.1,Cook Islands,True
WAK-1898-1982,Wake Island,UNMATCHED,,False
ASM-1900-2025,American Samoa,GADM 4.1,American Samoa,True
NIU-1900-2025,Niue,GADM 4.1,Niue,True
MNP-1991-2025,Northern Mariana Islands,GADM 4.1,Northern Mariana Islands,True
F164-1800-1990,Pacific Islands Trust Territory,CShapes 2.0 (1994-2006),Palau,True
NEW-1920-1949,New Guinea (1920-1949),CShapes 2.0 (1949-1975),Papua New Guinea,True
MRI-1800-2025,Mariana Island,GADM 4.1 fallback,Mariana Island,True
BOC-1839-2025,British settlement Oceania,CShapes 2.0 (1886-1970),Fiji,True
FSO-1844-2025,French Settlements in Oceania,CShapes 2.0 (1903-2019),French Polynesia,True
BNG-1884-2025,British New Guinea,CShapes 2.0 (1920-1949),Papua,True
GER-1884-2025,German colonies Oceania,CShapes 2.0 (1920-1949),New Guinea (German New Guinea) (Kaiser Wilhelmsland),True
NGN-1884-2025,New Guinea,CShapes 2.0 (1949-1975),Papua New Guinea,True
CAR-1885-2025,Caroline Island,GADM 4.1 fallback,Caroline Island,True
GIL-1892-2025,Gilbert and Ellice Island,CShapes 2.0 (1999-2019),Kiribati,True
DUT-1898-2025,Dutch new Guinea,GADM 4.1 fallback,Dutch new Guinea,True
NHB-1906-2025,New Hebrides,CShapes 2.0 (1981-2019),Vanuatu,True
F5503-1800-2025,Micronesia (Oceania region),none (region),,False
GUY-1800-2025,Guyana,CShapes 2.0 (1886-1966),Guyana,True
VEN-1821-2025,Venezuela,CShapes 2.0 (1886-2019),Venezuela,True
URY-1828-2025,Uruguay,CShapes 2.0 (1886-2019),Uruguay,True
ARG-1902-2025,Argentina,CShapes 2.0 (1902-2019),Argentina,True
CHL-1902-2025,Chile,CShapes 2.0 (1902-2019),Chile,True
BRA-1909-2025,Brazil,CShapes 2.0 (1960-2019),Brazil,True
COL-1922-2025,Colombia,CShapes 2.0 (1922-2019),Colombia,True
BOL-1938-2025,Bolivia,CShapes 2.0 (1938-2019),Bolivia,True
PRY-1938-2025,Paraguay,CShapes 2.0 (1938-2019),Paraguay,True
ECU-1942-2025,Ecuador,CShapes 2.0 (1942-2019),Ecuador,True
PER-1942-2025,Peru,CShapes 2.0 (1942-2019),Peru,True
SUR-1975-2025,Suriname,CShapes 2.0 (1975-2019),Surinam,True
ARG-1800-1899,Argentina (to 1899),CShapes 2.0 (1886-1899),Argentina,True
BRA-1800-1903,Brazil (to 1903),CShapes 2.0 (1886-1903),Brazil,True
COL-1800-1903,Colombia (to 1903),CShapes 2.0 (1886-1903),Colombia,True
ECU-1800-1942,Ecuador (to 1942),CShapes 2.0 (1886-1942),Ecuador,True
CHL-1810-1899,Chile (to 1899),CShapes 2.0 (1886-1899),Chile,True
PRY-1811-1938,Paraguay (to 1938),CShapes 2.0 (1886-1938),Paraguay,True
BOL-1825-1903,Bolivia (to 1903),CShapes 2.0 (1886-1903),Bolivia,True
PER-1825-1909,Peru (to 1909),CShapes 2.0 (1886-1909),Peru,True
ARG-1899-1902,Argentina (1899-1902),CShapes 2.0 (1899-1902),Argentina,True
CHL-1899-1902,Chile (1899-1902),CShapes 2.0 (1899-1902),Chile,True
BOL-1903-1909,Bolivia (1903-1909),CShapes 2.0 (1903-1909),Bolivia,True
BRA-1903-1909,Brazil (1903-1909),CShapes 2.0 (1903-1909),Brazil,True
COL-1903-1922,Colombia (1903-1922),CShapes 2.0 (1903-1922),Colombia,True
BOL-1909-1938,Bolivia (1909-1938),CShapes 2.0 (1909-1938),Bolivia,True
PER-1909-1922,Peru (1909-1922),CShapes 2.0 (1909-1922),Peru,True
PER-1922-1942,Peru (1922-1942),CShapes 2.0 (1922-1942),Peru,True
INI-1930-1946,Inini (1930-1946),CShapes 2.0 (1930-1946),Inini,True
GUF-1800-2025,French Guiana,GADM 4.1,French Guiana,True
FRE-1800-1930,French Guiana (to 1930),CShapes 2.0 fallback (1886-1930),French Guyana,True
SGS-1800-2025,South Georgia and the South Sandwich Islands,GADM 4.1,South Georgia and the South Sandwich Islands,True
FLK-1833-2025,Falkland Islands,"GADM 3.6 (full, FLK)",Falkland Islands,True
FRE-1930-1946,French Guiana (1930-1946),CShapes 2.0 fallback (1930-1946),French Guyana,True
DGU-1800-2025,Dutch Guayana,GADM 4.1 fallback,Dutch Guayana,True
