country_iso,country_name,admin1_name,admin1_type,area_km2,pct_of_country,gadm_gid,varname
USA,United States,Alabama,State,133634.6215163868,1.4106923559092233,USA.1_1,AL|Ala.
USA,United States,Alaska,State,1507384.7748466097,15.912464563154419,USA.2_1,AK|Alaska
USA,United States,Arizona,State,295357.2167387321,3.117890881779172,USA.3_1,AZ|Ariz.
USA,United States,Arkansas,State,137690.7864143657,1.4535106072796924,USA.4_1,AR|Ark.
USA,United States,California,State,409617.2577591892,4.324058599578768,USA.5_1,CA|Calif.
USA,United States,Colorado,State,269743.0355278963,2.847498903809833,USA.6_1,CO|Colo.
USA,United States,Connecticut,State,12892.227738123716,0.13609472541202078,USA.7_1,CT|Conn.
USA,United States,Delaware,State,5296.283031240737,0.055909358683571844,USA.8_1,DE|Del.
USA,United States,District of Columbia,Federal District,166.06559079259108,0.001753044659028952,USA.9_1,DC|D.C.
USA,United States,Florida,State,147459.92555729058,1.55663695100977,USA.10_1,FL|Fla.
USA,United States,Georgia,State,152434.5264294813,1.6091505237985273,USA.11_1,GA|Ga.
USA,United States,Hawaii,State,16724.290724568604,0.17654728105215917,USA.12_1,HI|Hawaii
USA,United States,Idaho,State,216440.73867921493,2.284821793165878,USA.13_1,ID|Idaho
USA,United States,Illinois,State,150088.55576011474,1.5843856623209436,USA.14_1,IL|Ill.
USA,United States,Indiana,State,94363.03460365505,0.996128174609679,USA.15_1,IN|Ind.
USA,United States,Iowa,State,145844.45932325092,1.5395835419326187,USA.16_1,IA|Iowa
USA,United States,Kansas,State,213124.38823532598,2.249813273909237,USA.17_1,KS|Kans.
USA,United States,Kentucky,State,104526.494274058,1.10341709947015,USA.18_1,Commonwealth of Kentucky|KY
USA,United States,Louisiana,State,120735.48550745648,1.2745247044492305,USA.19_1,LA
USA,United States,Maine,State,84363.27847293882,0.8905673597962216,USA.20_1,ME|Maine
USA,United States,Maryland,State,25668.582364184214,0.2709662549816157,USA.21_1,MD
USA,United States,Massachusetts,State,21023.087048172416,0.22192683198368887,USA.22_1,Commonwealth of Massachusetts|MA|Mass.
USA,United States,Michigan,State,250353.52116550098,2.6428166187444386,USA.23_1,MI|Mich.
USA,United States,Minnesota,State,225350.44686422264,2.378875692427537,USA.24_1,MN|Minn.
USA,United States,Mississippi,State,123546.21383261785,1.304195705256132,USA.25_1,MS|Miss.
USA,United States,Missouri,State,180569.07708677836,1.9061483758433502,USA.26_1,MO
USA,United States,Montana,State,380900.5626562645,4.020915433466652,USA.27_1,MT|Mont.
USA,United States,Nebraska,State,200209.3780231087,2.1134780489792933,USA.28_1,NE|Nebr.
USA,United States,Nevada,State,286284.53782455483,3.02211660826668,USA.29_1,NV|Nev.
USA,United States,New Hampshire,State,23997.726928727134,0.2533281387219034,USA.30_1,NH|N.H.
USA,United States,New Jersey,State,19697.592252188304,0.20793445968319968,USA.31_1,NJ|N.J.
USA,United States,New Mexico,State,314864.88228894275,3.3238204108267118,USA.32_1,NM|N.M.
USA,United States,New York,State,135186.43594772948,1.4270738349843617,USA.33_1,NY|N.Y.
USA,United States,North Carolina,State,127818.65961414333,1.349297090934809,USA.34_1,NC|N.C.
USA,United States,North Dakota,State,183143.91111238988,1.9333291964753727,USA.35_1,ND|N.D.
USA,United States,Ohio,State,119938.35784951232,1.266109954731039,USA.36_1,OH|Ohio
USA,United States,Oklahoma,State,181040.82944845295,1.9111283536585668,USA.37_1,OK|Okla.
USA,United States,Oregon,State,251411.49723391578,2.653984972689787,USA.38_1,OR|Ore.
USA,United States,Pennsylvania,State,117298.44086239095,1.2382420962995295,USA.39_1,Commonwealth of Pennsylvania|PA
USA,United States,Rhode Island,State,2833.3470650978693,0.029909771891569813,USA.40_1,State of Rhode Island and Providence Plantations|RI|R.I.
USA,United States,South Carolina,State,80124.26019675781,0.8458188461931448,USA.41_1,SC|S.C.
USA,United States,South Dakota,State,199746.69360306778,2.108593795429251,USA.42_1,SD|S.D.
USA,United States,Tennessee,State,109182.45635484804,1.1525670131844512,USA.43_1,TN|Tenn.
USA,United States,Texas,State,686214.3738588018,7.243911500875101,USA.44_1,TX|Tex.
USA,United States,Utah,State,219833.39984210025,2.320635874235322,USA.45_1,UT
USA,United States,Vermont,State,24948.63724234416,0.2633662702730919,USA.46_1,VT
USA,United States,Virginia,State,103745.24861834748,1.0951700055502338,USA.47_1,VA
USA,United States,Washington,State,174875.63522100225,1.8460464738981344,USA.48_1,WA|Wash.
USA,United States,West Virginia,State,62689.598804991896,0.661772651620626,USA.49_1,WV|W.Va.
USA,United States,Wisconsin,State,169299.26288079302,1.7871803975417753,USA.50_1,WI|Wis.
USA,United States,Wyoming,State,253297.08863456384,2.673889914575945,USA.51_1,WY|Wyo.
BRA,Brazil,Acre,State,152735.77254636458,1.7968142999951222,BRA.1_1,
BRA,Brazil,Alagoas,State,27758.22193680812,0.326553297154762,BRA.2_1,
BRA,Brazil,Amapá,State,142218.25587958022,1.6730841218433177,BRA.3_1,
BRA,Brazil,Amazonas,State,1566390.5109528434,18.42733252684704,BRA.4_1,Amazone
BRA,Brazil,Bahia,State,563313.4103288306,6.626932081353816,BRA.5_1,Ba¡a
BRA,Brazil,Ceará,State,148811.2697518166,1.7506456610178058,BRA.6_1,
BRA,Brazil,Distrito Federal,Federal District,5803.162942876432,0.06826957422693403,BRA.7_1,
BRA,Brazil,Espírito Santo,State,43763.75418187161,0.5148455926498008,BRA.8_1,Espiritu Santo
BRA,Brazil,Goiás,State,340369.8094353912,4.004178789840956,BRA.9_1,Goiáz|Goyáz
BRA,Brazil,Maranhão,State,330292.78548141854,3.8856306564205747,BRA.10_1,São Luíz de Maranhão
BRA,Brazil,Mato Grosso,State,904626.765477898,10.642210932449366,BRA.12_1,Matto Grosso
BRA,Brazil,Mato Grosso do Sul,State,357039.64662596595,4.200286102117932,BRA.11_1,
BRA,Brazil,Minas Gerais,State,588992.850709528,6.929030174830264,BRA.13_1,Minas|Minas Geraes
BRA,Brazil,Pará,State,1248367.6016550595,14.686047157836013,BRA.14_1,
BRA,Brazil,Paraíba,State,56382.90802840929,0.6632998526262207,BRA.15_1,Parahyba
BRA,Brazil,Paraná,State,199159.46288610582,2.342951915763367,BRA.16_1,
BRA,Brazil,Pernambuco,State,98225.47991474076,1.1555442709474857,BRA.17_1,Pernambouc
BRA,Brazil,Piauí,State,251100.434804151,2.9539959399762137,BRA.18_1,Piauhy
BRA,Brazil,Rio de Janeiro,State,43687.308963624346,0.5139462757509307,BRA.19_1,
BRA,Brazil,Rio Grande do Norte,State,53247.50702841864,0.626414365624202,BRA.20_1,
BRA,Brazil,Rio Grande do Sul,State,271421.7521613532,3.193059998208386,BRA.21_1,
BRA,Brazil,Rondônia,State,236377.08112106152,2.780787450565979,BRA.22_1,Guaporé
BRA,Brazil,Roraima,State,224380.55691428378,2.6396579307055776,BRA.23_1,Rio Branco
BRA,Brazil,Santa Catarina,State,98639.35461971593,1.1604131760894028,BRA.24_1,Santa Catharina
BRA,Brazil,São Paulo,State,247607.47468548283,2.912904055698544,BRA.25_1,
BRA,Brazil,Sergipe,State,22027.852537074228,0.259140080787452,BRA.26_1,
BRA,Brazil,Tocantins,State,277623.9346647045,3.2660237186741874,BRA.27_1,
IND,India,Andaman and Nicobar,Union Territory,7610.863062887379,0.24140014461086157,IND.1_1,Andaman & Nicobar Islands|Andaman et Nicobar|Iihas de Andama e Nicobar|Inseln Andamanen und Nikobare
IND,India,Andhra Pradesh,State,160050.0190893622,5.076441059824506,IND.2_1,
IND,India,Arunachal Pradesh,State,81995.44773360896,2.600718575117325,IND.3_1,Agence de la Frontière du Nord-Est(French-obsolete)|North East Frontier Agency
IND,India,Assam,State,78492.45505863705,2.489611210378036,IND.4_1,
IND,India,Bihar,State,94232.43907513647,2.9888495209822112,IND.5_1,
IND,India,Chandigarh,Union Territory,118.12266456314188,0.0037465958948084007,IND.6_1,
IND,India,Chhattisgarh,State,135431.6185003708,4.295598543914614,IND.7_1,
IND,India,Dadra and Nagar Haveli,Union Territory,491.5068423515292,0.015589535883184607,IND.8_1,DAdra et Nagar Haveli|Dadra e Nagar Haveli
IND,India,Daman and Diu,Union Territory,83.54045041092569,0.0026497227244032446,IND.9_1,
IND,India,Goa,State,3695.7244963623225,0.11722040200856122,IND.10_1,Gôa
IND,India,Gujarat,State,185720.66354157304,5.890658479296346,IND.11_1,Goudjerate|Gujerat|Gujerate
IND,India,Haryana,State,44024.54838818521,1.3963636265062365,IND.12_1,
IND,India,Himachal Pradesh,Union Territory,55603.55682345871,1.7636247751603797,IND.13_1,
IND,India,Jammu and Kashmir,State,105660.16946155284,3.3513124565337384,IND.14_1,
IND,India,Jharkhand,State,80040.02141361554,2.538696673984444,IND.15_1,Vananchal
IND,India,Karnataka,State,191379.19032616963,6.070134732225778,IND.16_1,Maisur|Mysore
IND,India,Kerala,State,37700.70420281776,1.1957849420350548,IND.17_1,
IND,India,Lakshadweep,Union Territory,34.85446804108976,0.0011055084759679936,IND.18_1,Íles Laquedives|Laccadive|Minicoy and Amindivi Islands|Laccadives|Lackadiverna|Lakkadiven|Lakkadi
IND,India,Madhya Pradesh,State,308054.12835889123,9.770811867110012,IND.19_1,
IND,India,Maharashtra,State,307338.8890221651,9.748126019540504,IND.20_1,
IND,India,Manipur,State,22320.722142628612,0.7079651162459942,IND.21_1,
IND,India,Meghalaya,State,22516.213078257464,0.7141656666620221,IND.22_1,
IND,India,Mizoram,State,21251.743848807833,0.674059432674766,IND.23_1,
IND,India,Nagaland,State,16599.649839232276,0.5265050544951095,IND.24_1,
IND,India,NCT of Delhi,Union Territory,1502.2032910720561,0.04764664515749842,IND.25_1,
IND,India,Odisha,State,155638.29300032114,4.936510633133319,IND.26_1,
IND,India,Puducherry,Union Territory,547.3242996908269,0.01735994512089926,IND.27_1,Pondicherry|Puduchcheri|Pondichéry
IND,India,Punjab,State,50225.83413766435,1.5930550219929416,IND.28_1,
IND,India,Rajasthan,State,341901.4654740965,10.844376324490138,IND.29_1,Greater Rajasthan|Rajputana
IND,India,Sikkim,State,7083.057795249962,0.2246593010453869,IND.30_1,
IND,India,Tamil Nadu,State,130280.90705127256,4.132229097061181,IND.31_1,Madras|Tamilnad
IND,India,Telangana,State,114712.14015461665,3.6384214238431425,IND.32_1,
IND,India,Tripura,State,10536.284229284729,0.3341881880667481,IND.33_1,
IND,India,Uttar Pradesh,State,240751.63467259367,7.6361220724968675,IND.34_1,United Provinces
IND,India,Uttarakhand,State,53808.54563438391,1.7066908956462759,IND.35_1,Uttarakhand
IND,India,West Bengal,State,85365.2298852827,2.7076007896572,IND.36_1,Bangla|Bengala Occidentale|Bengala Ocidental|Bengale occidental
CHN,China,Anhui,Province,140305.65263039197,1.4954370868910631,CHN.1_1,Ānhuī
CHN,China,Beijing,Municipality,16405.408206050666,0.17485579088921852,CHN.2_1,Běijīng
CHN,China,Chongqing,Municipality,82439.05596894553,0.8786703842147603,CHN.3_1,Chóngqìng
CHN,China,Fujian,Province,122121.15591689672,1.3016190169702015,CHN.4_1,Fújiàn
CHN,China,Gansu,Province,405172.909145642,4.318504519102237,CHN.5_1,Gānsù
CHN,China,Guangdong,Province,177831.30702590966,1.895401409360264,CHN.6_1,Guǎngdōng
CHN,China,Guangxi,Autonomous Region,236557.60160558872,2.5213311366641977,CHN.7_1,Guǎngxī Zhuàngzú
CHN,China,Guizhou,Province,175979.64802336786,1.8756656432470395,CHN.8_1,Gùizhōu
CHN,China,Hainan,Province,34061.35181553777,0.36304031790352764,CHN.9_1,Hǎinán
CHN,China,Hebei,Province,187581.88542333824,1.9993272047989223,CHN.10_1,Héběi
CHN,China,Heilongjiang,Province,454834.1339815661,4.847814892617364,CHN.11_1,Hēilóngjiāng
CHN,China,Henan,Province,165534.87729990442,1.764340851899625,CHN.12_1,Hénán
CHN,China,Hubei,Province,186016.81183921118,1.9826459874884361,CHN.13_1,Húběi
CHN,China,Hunan,Province,212082.7655000349,2.2604679645706063,CHN.14_1,Húnán
CHN,China,Jiangsu,Province,101698.98380995108,1.0839508547041334,CHN.15_1,Jiāngsū
CHN,China,Jiangxi,Province,167002.34519976427,1.7799817464760792,CHN.16_1,Jiāngxī
CHN,China,Jilin,Province,191009.57758375476,2.0358610000027104,CHN.17_1,Jílín
CHN,China,Liaoning,Province,145809.23905771875,1.5540966426540501,CHN.18_1,Liáoníng
CHN,China,Nei Mongol,Autonomous Region,1146485.6568978168,12.219729845312564,CHN.19_1,Inner Mongol|Nèiměnggǔ
CHN,China,Ningxia Hui,Autonomous Region,51860.0886157705,0.5527467952398174,CHN.20_1,Níngxià Húizú
CHN,China,Qinghai,Province,715709.7338078243,7.62833755675294,CHN.21_1,Qīnghǎi
CHN,China,Shaanxi,Province,205897.6194253418,2.1945440573400066,CHN.22_1,Shǎnxī
CHN,China,Shandong,Province,155507.71273769863,1.6574670839397287,CHN.23_1,Shāndōng
CHN,China,Shanghai,Municipality,6883.762910752325,0.073370061441661,CHN.24_1,Shànghǎi
CHN,China,Shanxi,Province,156467.14756200273,1.6676931467662834,CHN.25_1,Shānxī
CHN,China,Sichuan,Province,483835.2295906878,5.156920856071324,CHN.26_1,Sìchuān
CHN,China,Tianjin,Municipality,11698.867911014111,0.1246914904765616,CHN.27_1,Tiānjīn
CHN,China,Xinjiang Uygur,Autonomous Region,1629441.5932433587,17.367278821460364,CHN.28_1,Xīnjiāng Wéiwúěr
CHN,China,Xizang,Autonomous Region,1130161.1749647574,12.045736600925688,CHN.29_1,Tibet|Xīzàng
CHN,China,Yunnan,Province,383069.26874561247,4.0829145554064485,CHN.30_1,Yúnnán
CHN,China,Zhejiang,Province,102787.87125553787,1.0955566784115374,CHN.31_1,Zhèjiāng
RUS,Russia,Adygey,Republic,8056.178021347809,0.04759696027328439,RUS.1_1,Adygea|Adygeya|Adygheya|Republic of Adygeya|Adygeyskaya A.Obl.|Respublika Adygeya
RUS,Russia,Altay,Territory,167579.4499614349,0.9900814506950064,RUS.2_1,Altayskiy Kray
RUS,Russia,Amur,Region,364872.58385063015,2.1557152575736627,RUS.3_1,Amurskaya Oblast
RUS,Russia,Arkhangel'sk,Region,401583.1424910102,2.372606070634906,RUS.4_1,Arcangelo|Archangel|Archangelsk|Arkhangelskaya Oblast
RUS,Russia,Astrakhan',Region,46376.01406418339,0.2739955960750879,RUS.5_1,Astrachan|Astrakhanskaya Oblast
RUS,Russia,Bashkortostan,Republic,144293.4466458495,0.8525046777142551,RUS.6_1,Bashkir|Bashkiriya|Bashkirskaya A.S.S.R.|Republic of Bashkortostan|Respublika Bashkortostan
RUS,Russia,Belgorod,Region,28383.442211002475,0.167693113006722,RUS.7_1,Belgorodskaya Oblast
RUS,Russia,Bryansk,Region,34278.12839149138,0.20251969494330999,RUS.8_1,Bryanskaya Oblast
RUS,Russia,Buryat,Republic,354714.98503991554,2.095702826643709,RUS.9_1,Buryatiya|Buryat-Mongol A.S.S.R.|Republic of Buryatia|Buryatskaya A.S.S.R.|Respublika
RUS,Russia,Chechnya,Republic,15149.534544780749,0.08950544439012316,RUS.10_1,Cecenia|Chechenia|Chechênia|Tchetchnia|Chechen-Ingush A.S.S.R.|Checheno-Ingushetia|Checheno-Ingushetia
RUS,Russia,Chelyabinsk,Region,88931.76720663575,0.5254205877217011,RUS.11_1,Chelyabinskaya Oblast
RUS,Russia,Chukot,Autonomous Province,719704.3699288124,4.252108160127254,RUS.12_1,Chukotka|Chukotskiy Aok
RUS,Russia,Chuvash,Republic,18421.80257325398,0.10883843466690975,RUS.13_1,Chuvashskaya A.S.S.R.|Chuvashskaya Respublika|Chuvashiya|Chuvash Republic
RUS,Russia,City of St. Petersburg,City,2046.0235210637788,0.012088176302984125,RUS.14_1,Sankt-Peterburg gorsovet
RUS,Russia,Dagestan,Republic,49422.2439643821,0.29199312333414806,RUS.15_1,Dagestanskaya A.S.S.R.|Daghestan|Republic of Dagestan|Respublika Dagestan|Dagistan
RUS,Russia,Gorno-Altay,Republic,93032.40827941506,0.5496477149920865,RUS.16_1,Gorno-Altayskaya A.Obl.|Respublika Altay|Oirot|Republic of Altai
RUS,Russia,Ingush,Republic,3226.2255849596872,0.019060965459436235,RUS.17_1,Ingouchie|Inguchétia|Inguschetien|Ingushetia|Ingushetiya|Ingush Republic|Ingushskaya Respublika|Respublika Ingushetiya
RUS,Russia,Irkutsk,Region,772295.4788799391,4.562823354955578,RUS.18_1,Irkutskaya Oblast
RUS,Russia,Ivanovo,Region,23681.48000661109,0.13991330133226998,RUS.19_1,Ivanovskaya Oblast
RUS,Russia,Kabardin-Balkar,Republic,11737.79671747212,0.06934844818187619,RUS.20_1,Kabardin A.S.S.R.|Kabardino-Balkarskaya A.S.S.R.|Kabardino-Balkariya|Kabardino-Balkarsk|Kabard|Kabardino-Balkarskaya Republic
RUS,Russia,Kaliningrad,Region,13536.963717106868,0.07997816365982345,RUS.21_1,Kaliningradskaya Oblast
RUS,Russia,Kalmyk,Republic,74537.95843762295,0.4403800706992959,RUS.22_1,Kalmykiya|Khalmg Tangch|Republic of Kalmykia|Kalmytskaya A.S.S.R.|Respublika Kalmykiya
RUS,Russia,Kaluga,Region,28996.867654392387,0.17131731127819547,RUS.23_1,Kaluzhskaya Oblast
RUS,Russia,Kamchatka,Territory,457793.39311520424,2.704703630895065,RUS.24_1,Kamçatka|Kamchatskaya Kray
RUS,Russia,Karachay-Cherkess,Republic,15087.66294895154,0.08913989885712675,RUS.25_1,Karaçay-Çerkes|Karachay-Cherkessiya|Karachayevo-Cherkesskaya Respublika|Karachayevo-Cherkessiya|Karachayevo-Cherkess Republic|K
RUS,Russia,Karelia,Republic,173654.48677270557,1.0259735678997868,RUS.26_1,Karelian A.S.S.R.|Karelo-Finnish A.S.S.R.|Karel'skaya A.S.S.R.|Olonets|Olonetskaya G.|Kareliya|Republic of Karelia
RUS,Russia,Kemerovo,Region,95671.78020254559,0.5652414717634455,RUS.27_1,Kemerovskaya Oblast
RUS,Russia,Khabarovsk,Territory,781393.5875487096,4.616576178654606,RUS.28_1,Khabarovskiy Kray
RUS,Russia,Khakass,Republic,59775.117242223554,0.3531592615220089,RUS.29_1,Khakassiya|Republic of Khakasia|Khakasskaya A.Obl.|Respublika Khakasiya|Republic of Khakasia
RUS,Russia,Khanty-Mansiy,Autonomous Province,534564.8674724007,3.158279607669423,RUS.30_1,Khanty-Mansiysk|Khanty-Mansiyskiy A.Okr.|Khanty-Mansiyskiy A.Okr.-Yugra|Khanty-Mansiyskiy Aok
RUS,Russia,Kirov,Region,119695.05357289189,0.7071741332826761,RUS.31_1,Vyatka|Vyatskaya G.|Kirovskaya Oblast
RUS,Russia,Komi,Republic,417479.62058913993,2.466524555866595,RUS.32_1,Komi A.S.S.R.|Republic of Komi|Respublika Komi
RUS,Russia,Kostroma,Region,60243.21233887436,0.3559248289735186,RUS.33_1,Kostromskaya Oblast
RUS,Russia,Krasnodar,Territory,76643.97518284227,0.45282269486815785,RUS.34_1,Cossacks of the Black Sea|Kuban|Kubanskaya|Yekaterinodar|Krasnodarskiy Kray
RUS,Russia,Krasnoyarsk,Territory,2325584.810833782,13.739861204667173,RUS.35_1,Krasnoyarskiy Kray|Yeniseisk|Yeniseyskaya G.
RUS,Russia,Kurgan,Region,73049.06525204012,0.43158349375951605,RUS.36_1,Kurganskaya Oblast
RUS,Russia,Kursk,Region,31046.22617847911,0.18342519121806222,RUS.37_1,Kurskaya Oblast
RUS,Russia,Leningrad,Region,85262.8052943435,0.5037438777581406,RUS.38_1,Saint Petersburg|Sankt-Peterburgskaya G.|Leningradskaya Oblast
RUS,Russia,Lipetsk,Region,24466.243898347006,0.14454978971173274,RUS.39_1,Lipetskaya Oblast
RUS,Russia,Maga Buryatdan,Region,461255.68073914404,2.7251592819562336,RUS.40_1,Magadanskaya Oblast
RUS,Russia,Mariy-El,Republic,23528.91655740565,0.13901193639076243,RUS.41_1,Mari|Mari-El|Republic of Mari El|Mariyskaya A.S.S.R.|Respublika Mariy El
RUS,Russia,Mordovia,Republic,26219.44248044108,0.15490791772752222,RUS.42_1,Mordov|Mordvian Autonomous Republic|Mordvinia|Republic of Mordovia|Mordovian A.S.S.R.
RUS,Russia,Moscow City,City,1097.0796428330825,0.006481690950496048,RUS.43_1,
RUS,Russia,Moskva,Region,46710.60063655452,0.2759723775899604,RUS.44_1,Mosca|Moscou|Moscow|Moskau|Moskova|Moskovskaya
RUS,Russia,Murmansk,Region,143536.753656821,0.8480340359232688,RUS.45_1,Murmanskaya Oblast
RUS,Russia,Nenets,Autonomous Province,176357.07314903973,1.0419408039822853,RUS.46_1,Nenetskiy A.Okr.|Nenetskiy Aok
RUS,Russia,Nizhegorod,Region,74952.20664432531,0.442827503636533,RUS.47_1,Gor'kiy|Gor'kovskaya|Gorky|Nizhegorodskaya|Nizhniy-Novgorod|Nizhegorodskaya Oblast
RUS,Russia,North Ossetia,Republic,7109.301124873572,0.042002686921112975,RUS.48_1,Kuzey Osetya|Respublika Severnaya Osetiya|Severnaya Osetiya-Alaniya|North Ossetian A.S.S.R.|Republic of North Osetia-Alania
RUS,Russia,Novgorod,Region,55782.63430662223,0.32957114676411414,RUS.49_1,Novgorodskaya Oblast
RUS,Russia,Novosibirsk,Region,176932.1698493283,1.0453385509938828,RUS.50_1,Novosibirskaya Oblast
RUS,Russia,Omsk,Region,139403.03436065422,0.8236114781546604,RUS.51_1,Omskaya Oblast
RUS,Russia,Orel,Region,24347.737584078637,0.14384963880674798,RUS.52_1,Orlovskaya|Or'ol|Oryol|Orlovskaya Oblast
RUS,Russia,Orenburg,Region,124758.77578769972,0.7370912707211105,RUS.53_1,Chkalov|Orenburgskaya|Orenburgskaya Oblast
RUS,Russia,Penza,Region,42846.83941999726,0.2531447676932311,RUS.54_1,Penzenskaya Oblast
RUS,Russia,Perm',Territory,161502.95576791523,0.954180723084048,RUS.55_1,Molotov|Permskaya
RUS,Russia,Primor'ye,Territory,162109.66045307412,0.9577652142311652,RUS.56_1,Küsten-Gebiet|Maritime Territory|Primorsk|Primorskiy Kray
RUS,Russia,Pskov,Region,55237.4965252177,0.3263504009891049,RUS.57_1,Pskovskaya Oblast
RUS,Russia,Rostov,Region,101017.43699318272,0.5968243157900229,RUS.58_1,Province of the Don Cossacks|Provinz des Donischen Heeres|Voyska Donskovo|Rostovskaya Oblast
RUS,Russia,Ryazan',Region,39661.3111420792,0.23432424728123008,RUS.59_1,Ryazanskaya Oblast|Ryazanskaya Oblast
RUS,Russia,Sakha,Republic,3074096.5424973737,18.162167050152803,RUS.60_1,Republic of Sakha|Yakutia-Sakha|Yakutsk|Yakut A.S.S.R.|Yakutskaya A.S.S.R.|Respublika Sakha
RUS,Russia,Sakhalin,Region,84518.70233776343,0.49934761953622386,RUS.61_1,Sakhalinskaya Oblast
RUS,Russia,Samara,Region,53380.70761916615,0.315380247702643,RUS.62_1,Kuybyshev|Kuybyshevskaya|Samarskaya Oblast
RUS,Russia,Saratov,Region,100803.87298046214,0.595562551489094,RUS.63_1,Saratovskaya Oblast
RUS,Russia,Smolensk,Region,49402.641754980206,0.29187731090054764,RUS.64_1,Smolenskaya Oblast
RUS,Russia,Stavropol',Territory,67267.10385363054,0.3974229046746534,RUS.65_1,Stavropol'skiy Kray|Stavropolskiy Kray
RUS,Russia,Sverdlovsk,Region,193919.41448404372,1.1457014285132954,RUS.66_1,Yekaterinburg|Sverdlovskaya Oblast
RUS,Russia,Tambov,Region,34206.98035460652,0.20209934297539703,RUS.67_1,Tambovskaya Oblast
RUS,Russia,Tatarstan,Republic,68871.52007791032,0.4069020069346207,RUS.68_1,Kazan|Kazanskaya G.|Tatar A.S.S.R.|Tatarskaya A.S.S.R.|Republic of Tatarstan|Respublika Tatars
RUS,Russia,Tomsk,Region,314979.5679338981,1.86094075157215,RUS.69_1,Tomskaya Oblast
RUS,Russia,Tula,Region,25465.075894497146,0.15045102063220958,RUS.70_1,Tul'skaya|Tulskaya Oblast
RUS,Russia,Tuva,Republic,168815.88140339704,0.9973864504191642,RUS.71_1,Respublika Tyva|Republic of Tuva|Tyva|Tuvinskaya A.S.S.R.|Republic of Tyva
RUS,Russia,Tver',Region,84527.00344609408,0.49939666357700735,RUS.72_1,Kalinin|Kalininskaya|Tverskaya Oblast
RUS,Russia,Tyumen',Region,158432.4710898039,0.9360398954041572,RUS.73_1,Tobol'sk|Tobol'skaya G.|Tyumenskaya Oblast
RUS,Russia,Udmurt,Republic,41619.733513042316,0.24589486445751835,RUS.74_1,Udmurtiya|Udmurt Republic|Udmurtskaya A.S.S.R.|Udmurtskaya Respublika
RUS,Russia,Ul'yanovsk,Region,36840.85818205326,0.21766063990620804,RUS.75_1,Simbirsk|Simbirskaya G.|Ul'yanovskaya Oblast
RUS,Russia,Vladimir,Region,29086.77860198181,0.17184851699251893,RUS.76_1,Vladimirskaya Oblast
RUS,Russia,Volgograd,Region,112791.8244693242,0.666388946990961,RUS.77_1,Stalingrad|Volgogradskaya Oblast
RUS,Russia,Vologda,Region,146504.86225005027,0.8655700122167882,RUS.78_1,Vologodskaya Oblast
RUS,Russia,Voronezh,Region,51724.29566883406,0.3055939478483903,RUS.79_1,Voronezhskaya Oblast
RUS,Russia,Yamal-Nenets,Autonomous Province,685629.1779906834,4.050787440465163,RUS.80_1,Yamalo-Nenetskiy A. Okrug
RUS,Russia,Yaroslavl',Region,35768.71007683549,0.21132624776195527,RUS.81_1,Yaroslavskaya
RUS,Russia,Yevrey,Autonomous Region,35923.07864609571,0.21223827759037422,RUS.82_1,Den jødiske autonome oblasten|Evrey|Jewish A.Obl.|Yahudi|Yevreyskaya A.Obl.|Evreyskaya AOb
RUS,Russia,Zabaykal'ye,Territory,430610.5101021542,2.544103579672634,RUS.83_1,Zabaykalsky
AUS,Australia,Ashmore and Cartier Islands,Territory,17.885922552347946,0.0002326460729263978,AUS.1_1,
AUS,Australia,Australian Capital Territory,Territory,2357.948478479081,0.03067034714454361,AUS.2_1,
AUS,Australia,Coral Sea Islands Territory,Territory,7.0550401759054004,9.176643734526802e-05,AUS.3_1,
AUS,Australia,Jervis Bay Territory,Territory,67.79990560708184,0.0008818880736010692,AUS.4_1,
AUS,Australia,New South Wales,State,800879.8660134951,10.417218075754231,AUS.5_1,
AUS,Australia,Northern Territory,Territory,1348189.9959754748,17.536199611977867,AUS.6_1,
AUS,Australia,Queensland,State,1729953.4912676977,22.501880174803063,AUS.7_1,
AUS,Australia,South Australia,State,984188.7393822622,12.801556339379761,AUS.8_1,
AUS,Australia,Tasmania,State,68153.61517249662,0.886488850614914,AUS.9_1,
AUS,Australia,Victoria,State,227495.88468874118,2.9590883011401883,AUS.10_1,
AUS,Australia,Western Australia,State,2526727.4634044175,32.86569199860196,AUS.11_1,
CAN,Canada,Alberta,Province,663199.2469603438,6.661817579168025,CAN.1_1,
CAN,Canada,British Columbia,Province,948848.3282682351,9.531154479129695,CAN.2_1,Colombie britannique|New Caledonia
CAN,Canada,Manitoba,Province,649834.1169679238,6.527565228400967,CAN.3_1,
CAN,Canada,New Brunswick,Province,72969.23408348623,0.7329738816559032,CAN.4_1,Nouveau-Brunswick|Acadia
CAN,Canada,Newfoundland and Labrador,Province,407308.812940778,4.091405445098741,CAN.5_1,Newfoundland|Terre-Neuve|Terre-Neuve-et-Labrador
CAN,Canada,Northwest Territories,Territory,1342862.3837606276,13.489014463665322,CAN.6_1,Territoires du Nord-Ouest
CAN,Canada,Nova Scotia,Province,55488.30021682395,0.5573783979955185,CAN.7_1,Acadia|Nouvelle-Écosse
CAN,Canada,Nunavut,Territory,2072119.6679807438,20.81438314889907,CAN.8_1,
CAN,Canada,Ontario,Province,1080890.1889432606,10.857511215303036,CAN.9_1,Upper Canada
CAN,Canada,Prince Edward Island,Province,5731.063645481142,0.05756837136921539,CAN.10_1,Île de Saint-Jean|Île du Prince-Édouard
CAN,Canada,Québec,Province,1519945.6667684317,15.267811006521944,CAN.11_1,Lower Canada
CAN,Canada,Saskatchewan,Province,652360.7005719966,6.552944688866272,CAN.12_1,
CAN,Canada,Yukon,Territory,483672.0608153315,4.858472098784922,CAN.13_1,Yukon Territory|Territoire du Yukon|Yukon|Yuk¢n
MEX,Mexico,Aguascalientes,State,5204.3317781669075,0.26661224497918873,MEX.1_1,
MEX,Mexico,Baja California,State,73771.35858633611,3.7792262995952752,MEX.3_1,
MEX,Mexico,Baja California Sur,State,71325.98270587176,3.653952358367378,MEX.2_1,
MEX,Mexico,Campeche,State,57490.54574770892,2.945178001751881,MEX.4_1,
MEX,Mexico,Chiapas,State,73635.86373385871,3.772285045973884,MEX.5_1,
MEX,Mexico,Chihuahua,State,239863.78006692952,12.28796003381695,MEX.6_1,
MEX,Mexico,Coahuila,State,154462.44134874325,7.912942527169138,MEX.7_1,
MEX,Mexico,Colima,State,5585.827160714609,0.28615583764884406,MEX.8_1,
MEX,Mexico,Distrito Federal,Federal District,1601.51313031515,0.08204377223378406,MEX.9_1,
MEX,Mexico,Durango,State,124116.98106773086,6.358377669411899,MEX.10_1,
MEX,Mexico,Guanajuato,State,30840.21474382431,1.5799105896717827,MEX.11_1,
MEX,Mexico,Guerrero,State,64963.84899786125,3.32802718236949,MEX.12_1,
MEX,Mexico,Hidalgo,State,22437.594107400706,1.1494534921854989,MEX.13_1,
MEX,Mexico,Jalisco,State,76134.74900253711,3.900300214842006,MEX.14_1,
MEX,Mexico,México,State,23190.92244284235,1.1880456817843863,MEX.15_1,
MEX,Mexico,Michoacán,State,59167.92008235115,3.03110806080491,MEX.16_1,
MEX,Mexico,Morelos,State,5078.650995306732,0.26017375544828186,MEX.17_1,
MEX,Mexico,Nayarit,State,27403.54878870462,1.403853938291125,MEX.18_1,
MEX,Mexico,Nuevo León,State,65010.25049585184,3.3304042805402037,MEX.19_1,
MEX,Mexico,Oaxaca,State,90841.13507947797,4.653692345596,MEX.20_1,
MEX,Mexico,Puebla,State,33661.18296633794,1.7244257172381154,MEX.21_1,
MEX,Mexico,Querétaro,State,11520.3314412089,0.5901740241331965,MEX.22_1,
MEX,Mexico,Quintana Roo,State,43693.28740742381,2.2383594941207416,MEX.23_1,
MEX,Mexico,San Luis Potosí,State,62926.64181653487,3.2236632787498674,MEX.24_1,
MEX,Mexico,Sinaloa,State,53453.683948556834,2.73837397141357,MEX.25_1,
MEX,Mexico,Sonora,State,185086.18892893448,9.481763739967871,MEX.26_1,
MEX,Mexico,Tabasco,State,23804.379815453143,1.219472434397842,MEX.27_1,
MEX,Mexico,Tamaulipas,State,78835.66008942055,4.03866494619601,MEX.28_1,
MEX,Mexico,Tlaxcala,State,4162.7488948562095,0.21325308905136015,MEX.29_1,
MEX,Mexico,Veracruz,State,68958.64529663624,3.532676242969176,MEX.30_1,
MEX,Mexico,Yucatán,State,37990.87373943579,1.9462310567677727,MEX.31_1,
MEX,Mexico,Zacatecas,State,75801.70380839525,3.883238672520243,MEX.32_1,
ARG,Argentina,Buenos Aires,Province,307004.2075317071,11.04293256965676,ARG.1_1,Baires|Buenos Ayres
ARG,Argentina,Catamarca,Province,101876.6079160412,3.664498674748659,ARG.2_1,
ARG,Argentina,Chaco,Province,99764.10311998152,3.5885119376172003,ARG.3_1,El Chaco|Presidente Juan Peron
ARG,Argentina,Chubut,Province,224195.70238222537,8.06431300638788,ARG.4_1,
ARG,Argentina,Ciudad de Buenos Aires,Federal District,211.01162501733106,0.00759008212041988,ARG.5_1,BUENOS AIRES D.F.|Capital Federal|Distretto Federale|Distrito Federal|Federal Capital
ARG,Argentina,Córdoba,Province,164663.78136367368,5.922951508982013,ARG.6_1,Cordova
ARG,Argentina,Corrientes,Province,88972.49775595247,3.2003382011350676,ARG.7_1,
ARG,Argentina,Entre Ríos,Province,77860.0018715578,2.8006220418075616,ARG.8_1,Entre-Rios
ARG,Argentina,Formosa,Province,75592.75524263714,2.7190692453711587,ARG.9_1,
ARG,Argentina,Jujuy,Province,53196.570020273124,1.9134791030843756,ARG.10_1,
ARG,Argentina,La Pampa,Province,142947.96378527922,5.141834171401518,ARG.11_1,El Pampa|Eva Perón
ARG,Argentina,La Rioja,Province,91001.15583283911,3.2733089741745056,ARG.12_1,
ARG,Argentina,Mendoza,Province,148737.80406795684,5.350094560875457,ARG.13_1,
ARG,Argentina,Misiones,Province,29980.007152169164,1.0783800003296018,ARG.14_1,Missões
ARG,Argentina,Neuquén,Province,94630.48844946889,3.4038559646556026,ARG.15_1,Neuquén
ARG,Argentina,Río Negro,Province,202560.61549573622,7.286099549487653,ARG.16_1,
ARG,Argentina,Salta,Province,155354.16274074043,5.5880847932167095,ARG.17_1,
ARG,Argentina,San Juan,Province,88290.68176986114,3.1758132996040587,ARG.18_1,
ARG,Argentina,San Luis,Province,75844.49247877357,2.7281242265594514,ARG.19_1,
ARG,Argentina,Santa Cruz,Province,243943.1240629501,8.774627199792867,ARG.20_1,
ARG,Argentina,Santa Fe,Province,133097.14252235813,4.787500412145324,ARG.21_1,Santa Fé
ARG,Argentina,Santiago del Estero,Province,136911.8397066181,4.924714960825709,ARG.22_1,
ARG,Argentina,Tierra del Fuego,National Territory,20920.392422141318,0.7525059174461153,ARG.23_1,Feuerland|Terra del Fuoco|Terre de Feu|Terra do Fogo|Tierra del Fuego|Antártida e Islas del Atlántico Sur
ARG,Argentina,Tucumán,Province,22539.623098112545,0.8107495985774992,ARG.24_1,Tucumão
IDN,Indonesia,Aceh,Province,56836.48844338972,3.0068321824267286,IDN.1_1,
IDN,Indonesia,Bali,Province,5590.635827043316,0.29576253187641793,IDN.2_1,
IDN,Indonesia,Bangka Belitung,Province,16758.238450987737,0.8865644601777192,IDN.3_1,
IDN,Indonesia,Banten,Province,9352.236896987737,0.49476327003470844,IDN.4_1,
IDN,Indonesia,Bengkulu,Province,19814.68005719026,1.048260005362419,IDN.5_1,
IDN,Indonesia,Gorontalo,Province,12041.804983925429,0.637050031622505,IDN.6_1,
IDN,Indonesia,Jakarta Raya,Province,653.5403785331278,0.034574378124116865,IDN.7_1,
IDN,Indonesia,Jambi,Province,48963.34047921136,2.5903174517660195,IDN.8_1,
IDN,Indonesia,Jawa Barat,Province,37058.68343738239,1.960522985315525,IDN.9_1,
IDN,Indonesia,Jawa Tengah,Province,34436.83319220491,1.8218187143337747,IDN.10_1,
IDN,Indonesia,Jawa Timur,Province,47996.285216441145,2.539157132648507,IDN.11_1,
IDN,Indonesia,Kalimantan Barat,Province,146874.28004041646,7.770119584994218,IDN.12_1,
IDN,Indonesia,Kalimantan Selatan,Province,37372.876602650314,1.9771448095467505,IDN.13_1,
IDN,Indonesia,Kalimantan Tengah,Province,153711.46844355075,8.131828738583737,IDN.14_1,
IDN,Indonesia,Kalimantan Timur,Province,195978.33596823094,10.367881334446675,IDN.15_1,
IDN,Indonesia,Kepulauan Riau,Province,8278.233915587314,0.4379450742428706,IDN.16_1,
IDN,Indonesia,Lampung,Province,33487.54797109253,1.7715984873050452,IDN.17_1,
IDN,Indonesia,Maluku,Province,46347.885575996545,2.451951514846728,IDN.19_1,
IDN,Indonesia,Maluku Utara,Province,31509.1512592395,1.666934968046076,IDN.18_1,
IDN,Indonesia,Nusa Tenggara Barat,Province,19670.4375240512,1.0406291136131993,IDN.20_1,
IDN,Indonesia,Nusa Tenggara Timur,Province,46443.857086291486,2.457028714963311,IDN.21_1,
IDN,Indonesia,Papua,Province,313781.8621337779,16.60006497877441,IDN.23_1,
IDN,Indonesia,Papua Barat,Province,98522.98467971907,5.212181279263547,IDN.22_1,
IDN,Indonesia,Riau,Province,89880.51536517986,4.7549669864334225,IDN.24_1,
IDN,Indonesia,Sulawesi Barat,Province,16571.293305304753,0.8766744635262207,IDN.25_1,
IDN,Indonesia,Sulawesi Selatan,Province,45475.19007740372,2.4057831293166925,IDN.26_1,
IDN,Indonesia,Sulawesi Tengah,Province,61156.704748899916,3.235385454773792,IDN.27_1,
IDN,Indonesia,Sulawesi Tenggara,Province,36631.09037047255,1.9379019432740618,IDN.28_1,
IDN,Indonesia,Sulawesi Utara,Province,14507.328451293106,0.7674841156281236,IDN.29_1,
IDN,Indonesia,Sumatera Barat,Province,42145.984938617,2.229657520093405,IDN.30_1,
IDN,Indonesia,Sumatera Selatan,Province,86990.9281642463,4.602098573418264,IDN.31_1,
IDN,Indonesia,Sumatera Utara,Province,72227.19796104754,3.821049984326436,IDN.32_1,
IDN,Indonesia,Yogyakarta,Province,3176.8604384807118,0.16806608689444918,IDN.33_1,
JPN,Japan,Aichi,Prefecture,5153.261011088942,1.3835442601435493,JPN.1_1,Aiti
JPN,Japan,Akita,Prefecture,11644.260307825289,3.1262436499611224,JPN.2_1,
JPN,Japan,Aomori,Prefecture,9669.572973807115,2.5960808422399397,JPN.3_1,
JPN,Japan,Chiba,Prefecture,5043.652019934948,1.3541165074555115,JPN.4_1,Tiba|Tsiba
JPN,Japan,Ehime,Prefecture,5749.147401146837,1.5435274616325128,JPN.5_1,
JPN,Japan,Fukui,Prefecture,4234.794857170877,1.1369550474770362,JPN.6_1,Hukui
JPN,Japan,Fukuoka,Prefecture,5009.451021558178,1.344934245021387,JPN.7_1,Hukuoka
JPN,Japan,Fukushima,Prefecture,13737.610628289816,3.6882650213056234,JPN.8_1,Hukusima
JPN,Japan,Gifu,Prefecture,10604.491045200397,2.847087055314973,JPN.9_1,Gihu
JPN,Japan,Gunma,Prefecture,6369.245174297652,1.71001091995618,JPN.10_1,GunmaGumma
JPN,Japan,Hiroshima,Prefecture,8429.536130568786,2.2631565340907622,JPN.11_1,Hirosima
JPN,Japan,Hokkaido,Circuit,78057.87313218915,20.95692845727463,JPN.12_1,Ezo|Yeso|Yezo
JPN,Japan,Hyōgo,Prefecture,8381.537520530526,2.2502698975958513,JPN.13_1,Hiogo
JPN,Japan,Ibaraki,Prefecture,6104.773310630496,1.6390056811066849,JPN.14_1,
JPN,Japan,Ishikawa,Prefecture,4235.938280935207,1.1372620331668057,JPN.15_1,Isikawa
JPN,Japan,Iwate,Prefecture,15235.48741180373,4.09041403370254,JPN.16_1,
JPN,Japan,Kagawa,Prefecture,1726.8212139713655,0.4636158684264564,JPN.17_1,
JPN,Japan,Kagoshima,Prefecture,9132.525841532963,2.4518947675028784,JPN.18_1,
JPN,Japan,Kanagawa,Prefecture,2383.5861775524313,0.639943710868491,JPN.19_1,
JPN,Japan,Kochi,Prefecture,7043.202330184728,1.8909545113255604,JPN.20_1,Koti
JPN,Japan,Kumamoto,Prefecture,7563.735700376629,2.030706981653082,JPN.21_1,
JPN,Japan,Kyoto,Urban Prefecture,4622.476885425213,1.2410396734639422,JPN.22_1,Kioto
JPN,Japan,Mie,Prefecture,5776.622538206034,1.5509039690698638,JPN.23_1,Miye
JPN,Japan,Miyagi,Prefecture,7222.971820902325,1.9392189106051734,JPN.24_1,
JPN,Japan,Miyazaki,Prefecture,7678.785765852068,2.061595550536971,JPN.25_1,
JPN,Japan,Nagano,Prefecture,13579.620849849429,3.645848025416575,JPN.26_1,
JPN,Japan,Naoasaki,Prefecture,4204.263376729009,1.1287579748994716,JPN.27_1,Nagasaki
JPN,Japan,Nara,Prefecture,3682.809746081733,0.988758433626362,JPN.28_1,
JPN,Japan,Niigata,Prefecture,12687.897451420728,3.406438690846304,JPN.29_1,
JPN,Japan,Oita,Prefecture,6344.215910394496,1.7032910789983258,JPN.30_1,
JPN,Japan,Okayama,Prefecture,7260.190911973626,1.9492114686589284,JPN.31_1,
JPN,Japan,Okinawa,Prefecture,2339.8473091262586,0.6282007271100538,JPN.32_1,
JPN,Japan,Osaka,Urban Prefecture,1912.6941321410948,0.5135189120519371,JPN.33_1,
JPN,Japan,Saga,Prefecture,2455.472718731799,0.6592437640224589,JPN.34_1,
JPN,Japan,Saitama,Prefecture,3794.9365991298046,1.0188621802847981,JPN.35_1,
JPN,Japan,Shiga,Prefecture,4017.1722463336714,1.0785278664253928,JPN.36_1,Siga
JPN,Japan,Shimane,Prefecture,6692.52159944451,1.7968039703157908,JPN.37_1,Simane
JPN,Japan,Shizuoka,Prefecture,8005.958397021126,2.1494346518275855,JPN.38_1,Sizuoka
JPN,Japan,Tochigi,Prefecture,6403.436562974639,1.7191906023841785,JPN.39_1,Totigi
JPN,Japan,Tokushima,Prefecture,4128.360214014553,1.1083795417336855,JPN.40_1,Tokusima
JPN,Japan,Tokyo,Metropolis,1801.1543474381638,0.48357278113186214,JPN.41_1,Edo|Yedo|Tokio|T¢quio
JPN,Japan,Tottori,Prefecture,3478.894232069921,0.9340113252695027,JPN.42_1,
JPN,Japan,Toyama,Prefecture,4269.82029141768,1.1463586539326232,JPN.43_1,
JPN,Japan,Wakayama,Prefecture,4650.670284877574,1.2486090195347723,JPN.44_1,
JPN,Japan,Yamagata,Prefecture,9358.185792691134,2.512479808605461,JPN.45_1,
JPN,Japan,Yamaguchi,Prefecture,6118.165650545245,1.64260124806498,JPN.46_1,Yamaguti
JPN,Japan,Yamanashi,Prefecture,4470.450345042419,1.2002236839606955,JPN.47_1,Yamanasi
DEU,Germany,Baden-Württemberg,State,36074.26483363029,10.08113430172209,DEU.1_1,
DEU,Germany,Bayern,,70544.89366437368,19.71412447657875,DEU.2_1,Bavaria
DEU,Germany,Berlin,State,891.8624369786969,0.24923543271938112,DEU.3_1,
DEU,Germany,Brandenburg,State,29654.222131143917,8.287021157489157,DEU.4_1,
DEU,Germany,Bremen,State,399.80512061287084,0.11172754688148544,DEU.5_1,
DEU,Germany,Hamburg,State,736.3801856169353,0.2057851374814644,DEU.6_1,
DEU,Germany,Hessen,State,21115.145591585344,5.900733375742799,DEU.7_1,Hesse
DEU,Germany,Mecklenburg-Vorpommern,State,23376.529449458292,6.532688440776052,DEU.8_1,Mecklenburg-West Pomerania
DEU,Germany,Niedersachsen,State,47672.27166313055,13.322255500441083,DEU.9_1,Lower Saxony
DEU,Germany,Nordrhein-Westfalen,State,34115.67457210232,9.533796426381626,DEU.10_1,North Rhine-Westphalia
DEU,Germany,Rheinland-Pfalz,State,19856.37915419909,5.548964779256781,DEU.11_1,Rhineland-Palatinate
DEU,Germany,Saarland,State,2571.0076714955085,0.7184809932132363,DEU.12_1,
DEU,Germany,Sachsen,State,18448.85149636741,5.155624113343574,DEU.14_1,Saxony
DEU,Germany,Sachsen-Anhalt,State,20552.380002797723,5.743465708414849,DEU.13_1,Saxony-Anhalt
DEU,Germany,Schleswig-Holstein,State,15628.668832872505,4.3675099184403985,DEU.15_1,
DEU,Germany,Thüringen,State,16201.007001076387,4.527452691114341,DEU.16_1,Thuringia
FRA,France,Auvergne-Rhône-Alpes,Region,71212.08918491742,12.959051287836997,FRA.1_1,
FRA,France,Bourgogne-Franche-Comté,Region,48057.640236382795,8.745445214765688,FRA.2_1,
FRA,France,Bretagne,Region,27632.514065924388,5.028516521434037,FRA.3_1,
FRA,France,Centre-Val de Loire,Region,39531.825094004875,7.193932305015337,FRA.4_1,
FRA,France,Corse,Region,8743.252647791141,1.5910818062228629,FRA.5_1,Corsica
FRA,France,Grand Est,Region,57716.31540704765,10.503114008672016,FRA.6_1,
FRA,France,Hauts-de-France,Region,31982.13970096481,5.820053777713801,FRA.7_1,
FRA,France,Île-de-France,Region,12068.391723582105,2.1961847924654365,FRA.8_1,
FRA,France,Normandie,Region,30171.24079634159,5.490509566180255,FRA.9_1,
FRA,France,Nouvelle-Aquitaine,Region,84800.21291959738,15.431794250424986,FRA.10_1,
FRA,France,Occitanie,Region,73275.65308302376,13.334575032433902,FRA.11_1,
FRA,France,Pays de la Loire,Region,32383.386106986847,5.893071896044771,FRA.12_1,
FRA,France,Provence-Alpes-Côte d'Azur,Region,31941.562121117167,5.812669540789978,FRA.13_1,
GBR,United Kingdom,England,Kingdom,130857.67717961977,53.305581697052816,GBR.1_1,
GBR,United Kingdom,Northern Ireland,Province,14084.67630447365,5.737468978561352,GBR.2_1,Ulster
GBR,United Kingdom,Scotland,Kingdom,79646.08851513096,32.444264407707486,GBR.3_1,Alba
GBR,United Kingdom,Wales,Principality,20897.43961691027,8.512684916677774,GBR.4_1,Cymru
NGA,Nigeria,Abia,State,4724.002158576955,0.5200296884455469,NGA.1_1,
NGA,Nigeria,Adamawa,State,34290.02872867729,3.7747300610748478,NGA.2_1,
NGA,Nigeria,Akwa Ibom,State,6735.922398045922,0.7415067793077383,NGA.3_1,
NGA,Nigeria,Anambra,State,4590.2277495957,0.5053034749745806,NGA.4_1,
NGA,Nigeria,Bauchi,State,49060.42861147372,5.400691733281319,NGA.5_1,
NGA,Nigeria,Bayelsa,State,9764.051533886879,1.0748506259495483,NGA.6_1,
NGA,Nigeria,Benue,State,31324.97422763269,3.448329624190464,NGA.7_1,
NGA,Nigeria,Borno,State,71407.47410423517,7.860709048087101,NGA.8_1,
NGA,Nigeria,Cross River,State,21302.910634941574,2.345076401025427,NGA.9_1,
NGA,Nigeria,Delta,State,16624.08616720934,1.8300199830624124,NGA.10_1,
NGA,Nigeria,Ebonyi,State,6188.829534022617,0.6812814614356303,NGA.11_1,
NGA,Nigeria,Edo,State,19589.303848771233,2.156438383256447,NGA.12_1,
NGA,Nigeria,Ekiti,State,5236.615970461246,0.5764594680981824,NGA.13_1,
NGA,Nigeria,Enugu,State,7702.544708996573,0.8479149227281481,NGA.14_1,
NGA,Nigeria,Federal Capital Territory,State,7351.39320616948,0.8092593081703072,NGA.15_1,Abuja
NGA,Nigeria,Gombe,State,18190.43041741526,2.0024469814189136,NGA.16_1,
NGA,Nigeria,Imo,State,5310.196265229424,0.5845593665486,NGA.17_1,
NGA,Nigeria,Jigawa,State,24000.81301751616,2.642068080616317,NGA.18_1,
NGA,Nigeria,Kaduna,State,44314.98616625995,4.87830184574914,NGA.19_1,
NGA,Nigeria,Kano,State,20083.128453671336,2.210799801141638,NGA.20_1,
NGA,Nigeria,Katsina,State,23705.000598984723,2.6095043275350593,NGA.21_1,
NGA,Nigeria,Kebbi,State,35970.613730021156,3.9597329601671665,NGA.22_1,
NGA,Nigeria,Kogi,State,28941.78869219983,3.185982743326122,NGA.23_1,
NGA,Nigeria,Kwara,State,35421.71675599027,3.8993090414617666,NGA.24_1,
NGA,Nigeria,Lagos,State,3784.433133236437,0.4165996367395372,NGA.25_1,
NGA,Nigeria,Nassarawa,State,26326.64766312164,2.898101635540522,NGA.26_1,
NGA,Nigeria,Niger,State,71017.75854981499,7.817808208598798,NGA.27_1,
NGA,Nigeria,Ogun,State,16092.722092308093,1.7715261286893036,NGA.28_1,
NGA,Nigeria,Ondo,State,14526.964108080072,1.599163667922667,NGA.29_1,
NGA,Nigeria,Osun,State,9189.913340857041,1.0116480922453859,NGA.30_1,
NGA,Nigeria,Oyo,State,27398.661635134064,3.016111550261397,NGA.31_1,
NGA,Nigeria,Plateau,State,27579.70384615849,3.036041118757378,NGA.32_1,
NGA,Nigeria,Rivers,State,8534.501395627187,0.9394987455177285,NGA.33_1,
NGA,Nigeria,Sokoto,State,31741.374216762237,3.4941679513856823,NGA.34_1,
NGA,Nigeria,Taraba,State,60294.571419779975,6.637373595068643,NGA.35_1,
NGA,Nigeria,Yobe,State,45566.51485362898,5.0160731785144135,NGA.36_1,
NGA,Nigeria,Zamfara,State,34524.85563130517,3.8005803797057336,NGA.37_1,
ZAF,South Africa,Eastern Cape,Province,168905.1741787421,13.847982945150102,ZAF.1_1,Oos-Kaap
ZAF,South Africa,Free State,Province,129825.16824356087,10.643941042241567,ZAF.2_1,Orange Free State|Vrystaat
ZAF,South Africa,Gauteng,Province,18178.307473362653,1.4903799903514325,ZAF.3_1,Pretoria/Witwatersrand/Vaal
ZAF,South Africa,KwaZulu-Natal,Province,93282.88349048405,7.647958601218664,ZAF.4_1,Natal and Zululand
ZAF,South Africa,Limpopo,Province,125754.5198598545,10.310201891458565,ZAF.5_1,Noordelike Provinsie|Northern Transvaal|Northern Province
ZAF,South Africa,Mpumalanga,Province,76492.34132183193,6.271356950488524,ZAF.6_1,Eastern Transvaal
ZAF,South Africa,North West,Province,104881.69013512152,8.598906832260177,ZAF.7_1,North-West|Noordwes
ZAF,South Africa,Northern Cape,Province,372916.50898283906,30.574205209926685,ZAF.8_1,Noord-Kaap
ZAF,South Africa,Western Cape,Province,129472.98313668623,10.615066536902999,ZAF.9_1,Wes-Kaap
COL,Colombia,Amazonas,Commissiary,107462.82380138963,9.4534409235322,COL.1_1,
COL,Colombia,Antioquia,Department,63162.737455995695,5.556388581528307,COL.2_1,
COL,Colombia,Arauca,Intendancy,25337.836193734314,2.2289544338635356,COL.3_1,
COL,Colombia,Atlántico,Department,4415.243957678954,0.3884063943270468,COL.4_1,
COL,Colombia,Bolívar,Department,26034.778758507204,2.2902640582537552,COL.5_1,
COL,Colombia,Boyacá,Department,23375.964632063788,2.0563697552579625,COL.6_1,
COL,Colombia,Caldas,Department,7554.431876063779,0.6645588951133998,COL.7_1,
COL,Colombia,Caquetá,Intendancy,90141.78332997407,7.929719258323921,COL.8_1,
COL,Colombia,Casanare,Intendancy,44621.93551780805,3.9253652229619416,COL.9_1,
COL,Colombia,Cauca,Department,29163.756888075648,2.5655184099686137,COL.10_1,
COL,Colombia,Cesar,Department,22917.21503494128,2.016013825070357,COL.11_1,El Cesar
COL,Colombia,Chocó,Department,45230.16610942656,3.9788709076476274,COL.12_1,
COL,Colombia,Córdoba,Department,24920.967317287097,2.192282725853737,COL.13_1,
COL,Colombia,Cundinamarca,Department,24448.63277130226,2.150731735765634,COL.14_1,
COL,Colombia,Guainía,Commissiary,68819.23255248951,6.053987102927504,COL.15_1,Guania
COL,Colombia,Guaviare,Commissiary,55592.276969265215,4.890419659033681,COL.16_1,
COL,Colombia,Huila,Department,20301.113606269682,1.7858769327844934,COL.17_1,
COL,Colombia,La Guajira,Department,21012.204676429094,1.8484311928086596,COL.18_1,Guajira|Goagira|La Goajira
COL,Colombia,Magdalena,Department,21546.630763703415,1.8954443389863513,COL.19_1,La Magdalena
COL,Colombia,Meta,Department,85325.5836858455,7.506041029880444,COL.20_1,
COL,Colombia,Nariño,Department,31915.23949798382,2.8075647045361753,COL.21_1,
COL,Colombia,Norte de Santander,Department,22805.659749052065,2.006200372682297,COL.22_1,Santander del Norte
COL,Colombia,Putumayo,Intendancy,24331.90477822703,2.14046324339195,COL.23_1,
COL,Colombia,Quindío,Department,1730.5668658720526,0.1522369415955378,COL.24_1,
COL,Colombia,Risaralda,Department,4038.300907397977,0.3552469375836334,COL.25_1,
COL,Colombia,San Andrés y Providencia,Department,52.363792668712634,0.004606411808428229,COL.26_1,Saint Andrew and Providence
COL,Colombia,Santander,Department,30283.86921492614,2.6640540275434086,COL.27_1,
COL,Colombia,Sucre,Department,10807.535975255229,0.9507325348145477,COL.28_1,
COL,Colombia,Tolima,Department,23409.064213827492,2.059281505849731,COL.29_1,
COL,Colombia,Valle del Cauca,Department,22001.947905721954,1.935498318132655,COL.30_1,Valle
COL,Colombia,Vaupés,Commissiary,53242.25333544714,4.683689472673954,COL.31_1,
COL,Colombia,Vichada,Commissiary,100754.80114084434,8.863340145495878,COL.32_1,
PER,Peru,Amazonas,Region,39582.79321328314,3.061745851631272,PER.1_1,
PER,Peru,Ancash,Region,35893.29396805379,2.776361519408682,PER.2_1,Ancachs
PER,Peru,Apurímac,Region,21101.749608873335,1.6322292865741626,PER.3_1,Apuromac
PER,Peru,Arequipa,Region,63276.69442499454,4.894479164639968,PER.4_1,
PER,Peru,Ayacucho,Region,43556.074031831275,3.3690808089700957,PER.5_1,
PER,Peru,Cajamarca,Region,32901.23502775291,2.5449244907245046,PER.6_1,Caxamarca
PER,Peru,Callao,Province,160.83749760428003,0.01244084868956154,PER.7_1,El Callao
PER,Peru,Cusco,Region,72243.08159994733,5.588033017424135,PER.8_1,Cuzco|Qosqo
PER,Peru,Huancavelica,Region,22082.596121892657,1.7080981805691458,PER.9_1,
PER,Peru,Huánuco,Region,37081.89397758797,2.86830023451732,PER.10_1,Huknuco
PER,Peru,Ica,Region,21168.029899747013,1.637356095198656,PER.11_1,
PER,Peru,Junín,Region,44629.84152451936,3.452137180172596,PER.12_1,Junnn
PER,Peru,La Libertad,Region,25308.013449683403,1.9575855795490882,PER.13_1,Libertad
PER,Peru,Lambayeque,Region,14283.585014142342,1.1048413619480788,PER.14_1,
PER,Peru,Lima,Region,32336.86872577152,2.501270517782743,PER.16_1,
PER,Peru,Lima Province,Province,2705.344991884789,0.2092595831098414,PER.15_1,
PER,Peru,Loreto,Region,375631.5840198758,29.05526241964635,PER.17_1,
PER,Peru,Madre de Dios,Region,84419.15828805695,6.529857716052365,PER.18_1,
PER,Peru,Moquegua,Region,15756.108324128421,1.2187416648268377,PER.19_1,
PER,Peru,Pasco,Region,23970.70447642093,1.854144162992825,PER.20_1,
PER,Peru,Piura,Region,35856.86812906383,2.7735439653058482,PER.21_1,
PER,Peru,Puno,Region,72759.41057937114,5.6279712830818855,PER.22_1,
PER,Peru,San Martín,Region,50368.421153047275,3.896018749551205,PER.23_1,San Mart
PER,Peru,Tacna,Region,16023.488276377237,1.2394236175934368,PER.24_1,
PER,Peru,Tumbes,Region,4641.982291090749,0.3590592999971384,PER.25_1,Tumbez
PER,Peru,Ucayali,Region,105078.07124958307,8.127833400040679,PER.26_1,
EGY,Egypt,Ad Daqahliyah,Governorate,3704.912877160062,0.3766056298346043,EGY.1_1,Al Daqahliyah|Dacahlia|Dagahlia|Dakahlieh|Dakahliya|Dakalieh|Daqalīya|Dakahlia|Dekahlia
EGY,Egypt,Al Bahr al Ahmar,Governorate,104684.80704800872,10.641245556805057,EGY.2_1,Mar Rojo|Mar Vermelho|Mer Rouge|Red Sea
EGY,Egypt,Al Buhayrah,Governorate,11447.206935299979,1.1636124034906554,EGY.3_1,Beheira|Behera|El Buhayra|Béhéra
EGY,Egypt,Al Fayyum,Governorate,5847.97403087596,0.594448510984325,EGY.4_1,El Faiyum|el Fayoum|Faium|Faiyūm|Fayum|Fayoum|Fayyum
EGY,Egypt,Al Gharbiyah,Governorate,1999.2028064685603,0.20321963216428773,EGY.5_1,al-Garbīyah|El Gharbiya|Garbia|Gharbieh|Gharbīya|Gharbia
EGY,Egypt,Al Iskandariyah,Governorate,2552.3208230424025,0.2594442630561033,EGY.6_1,Alexandria|Alexandrie|El Iskandariya
EGY,Egypt,Al Isma`iliyah,Governorate,5687.6854693972755,0.5781551252415449,EGY.7_1,As Ismailiyah|Ismailia|Ismaïlia|Isma'iliya
EGY,Egypt,Al Jizah,Governorate,36354.06593614929,3.695402929265897,EGY.8_1,El Giza|El Gīzah|Gizeh|Giza|Guizèh
EGY,Egypt,Al Minufiyah,Governorate,2166.629551983053,0.22023861669543715,EGY.9_1,Menoufieh|Menufia|Menūfīya|Minūfīya|Munufia|Menoufia|Minufia
EGY,Egypt,Al Minya,Governorate,31383.029314315467,3.190095398436278,EGY.10_1,Minia|Minieh|Menia|Minya
EGY,Egypt,Al Qahirah,Governorate,2895.9031250112234,0.2943695186621613,EGY.11_1,Cairo|El Cairo|El Qahira|Le Caire
EGY,Egypt,Al Qalyubiyah,Governorate,1150.3792677563465,0.11693643630674036,EGY.12_1,Caliubia|Kalioubieh|Kalioubiya|Qaliyubia|Qalyubiya|Kalyoubia|Kalyubia
EGY,Egypt,Al Uqsur,Governorate,617.590251346825,0.0627782550629015,EGY.13_1,Luxor
EGY,Egypt,Al Wadi al Jadid,Governorate,426476.6800206484,43.35149678662967,EGY.14_1,Al Wadi/Al Jadid|El-Wadi El-Gidid|New Valley|Novo Vale|Ouādi El Guedīd|Southern Desert
EGY,Egypt,As Suways,Governorate,9406.6209218954,0.9561861545368626,EGY.15_1,El Suweiz|Es Suweis|Suez
EGY,Egypt,Ash Sharqiyah,Governorate,5330.560800589712,0.5418532835289155,EGY.16_1,Charkieh|Sharqia|Sharqīya|Sharquia|Sharkia
EGY,Egypt,Aswan,Governorate,61077.8067770805,6.208579433001579,EGY.17_1,Assouan|Assuã|Assuán|Syene
EGY,Egypt,Asyut,Governorate,16495.30477827011,1.6767532331545802,EGY.18_1,Asyiut|Assiout|Assiut|Assyut|Asyout
EGY,Egypt,Bani Suwayf,Governorate,10674.231327190058,1.0850391750799064,EGY.19_1,Beni Suwayf|Beni Souef|Beni Suef
EGY,Egypt,Bur Sa`id,Governorate,1460.1695462206444,0.14842672145134406,EGY.20_1,Bur Said|Canal|Port Said|Port-Saïd
EGY,Egypt,Dumyat,Governorate,935.0100447583924,0.09504408294692081,EGY.21_1,Damietta|Damiette|Dumiāt
EGY,Egypt,Janub Sina',Governorate,29277.510785276307,2.9760687376082795,EGY.22_1,Janub Sina|Sina al-Janubiyah|Sina' al-Janūbīyah|Sinai al Janūbīa|South Sinai|Sud Sinaī
EGY,Egypt,Kafr ash Shaykh,Governorate,3767.14710627013,0.3829317599835092,EGY.23_1,Kafr-El-Sheikh|Kafr ash Shaikh|Kafr ash-Shayk|Kafr el Sheik|Kafr el Sheikh
EGY,Egypt,Matrouh,Governorate,158551.34046732858,16.11679664748008,EGY.24_1,Marsā Matrūh|Mersa Matruh|Western Desert|Matrouh
EGY,Egypt,Qina,Governorate,13190.184891527366,1.3407866941573796,EGY.25_1,Kena|Qena|Quena
EGY,Egypt,Shamal Sina',Governorate,26548.34283248588,2.698647904821271,EGY.26_1,Shamal Sina|Nord Sinaï|North Sinai|Sina ash-Shamālīyah|Sinai ash Shamālīya
EGY,Egypt,Suhaj,Governorate,10081.98471718252,1.0248371096131825,EGY.27_1,Girga|Girgeh|Sawhāj|Sohag|Suhag
